BLD_CODE,SCH_NAME,TYPE,TOTAL_BUDGET
K001,P.S. 1 - BROOKLYN,OTHER,1950463
K002,I.S. 2 - BROOKLYN,OTHER,7250724
K002,I.S. 2 - BROOKLYN,ROOF,3401151
K003,P.S. 3 - BROOKLYN,OTHER,706593
K005,P.S. 5 - BROOKLYN,OTHER,845798
K006,P.S. 6 - BROOKLYN,OTHER,322833
K007,P.S. 7 - BROOKLYN,OTHER,1439438
K008,P.S. 8 - BROOKLYN,OTHER,120564
K009,P.S. 9 - BROOKLYN,OTHER,40255
K009,PUBLIC SCHOOL 9 THE SARAH SMIT,OTHER,75000
K011,P.S. 11 - BROOKLYN,FLOOD,8733361
K011,P.S. 11 - BROOKLYN,OTHER,608419
K012,I.S. 484 - BROOKLYN,OTHER,734817
K012,P.S. 12 - BROOKLYN,OTHER,439874
K013,P.S. 13 - BROOKLYN,OTHER,1489392
K016,P.S. 16 - BROOKLYN,FLOOD,4826340
K016,P.S. 16 - BROOKLYN,OTHER,174883
K017,I.S. 577 - BROOKLYN,OTHER,14679317
K017,P.S. 17 - BROOKLYN,OTHER,7107059
K019,P.S. 414 - BROOKLYN,OTHER,65000
K020,P.S. 20 - BROOKLYN,OTHER,887087
K021,K140 SPED - BROOKLYN,OTHER,45000
K021,P.S. 21 - BROOKLYN,OTHER,971262
K022,P.S. 705 - BROOKLYN,OTHER,2696960
K023,P.S. 23 - BROOKLYN,OTHER,923700
K024,P.S. 24 - BROOKLYN,OTHER,2626966
K025,I.S. 534 - BROOKLYN,OTHER,287325
K025,P.S. 25 - BROOKLYN,OTHER,2589117
K026,I.S. 681 - BROOKLYN,OTHER,1221456
K026,P.S. 26 - BROOKLYN,OTHER,1185536
K028,P.S. 28 - BROOKLYN,OTHER,200000
K029,P.S. 29 - BROOKLYN,OTHER,217882
K032,I.S. 442 - BROOKLYN,OTHER,34737
K032,P.S. 32 - BROOKLYN,OTHER,88294273
K033,K368 SPED - BROOKLYN,OTHER,74645
K033,SUCCESS ACADEMY CHARTER SCHOOL,OTHER,14702256
K035,BKLYN BROWNSTONE SCL - K,OTHER,62000
K035,I.S. 35 - BROOKLYN,OTHER,11945377
K038,P.S. 38 - BROOKLYN,OTHER,16011
K038,P.S. 38 - BROOKLYN,ROOF,2048471
K039,P.S. 39 - BROOKLYN,OTHER,69737
K040,GOTHAM PROFESSIONAL ARTS ACAD,OTHER,176804
K040,P.S. 40 - BROOKLYN,OTHER,646130
K040,P.S. 40 - BROOKLYN,ROOF,2805448
K041,P.S. 41 - BROOKLYN,OTHER,10166823
K044,P.S. 44 - BROOKLYN,OTHER,124228
K045,P.S. 45 - BROOKLYN,OTHER,2113839
K046,FORT GREENE PREPARATORY ACADEM,OTHER,100000
K046,P.S. 46 - BROOKLYN,OTHER,726562
K048,P.S. 48 - BROOKLYN,FLOOD,12008306
K048,P.S. 48 - BROOKLYN,OTHER,624079
K049,LYONS COMMUNITY SCHOOL - K,OTHER,303449
K050,J.H.S. 50 - BROOKLYN,OTHER,613276
K051,I.S. 51 - BROOKLYN,OTHER,234604
K051,I.S. 51 - BROOKLYN,ROOF,9105986
K054,P.S. 54 - BROOKLYN,OTHER,64704
K055,BROOKLYN COLLEGIATE: A COLLEGE,OTHER,1158268
K056,I.S. 351 - BROOKLYN,OTHER,2155629
K056,P.S. 56 - BROOKLYN,OTHER,586716
K056,P.S. 56 - BROOKLYN,ROOF,17747832
K057,BROOKLYN ACADEMY OF GLOBAL FIN,OTHER,35000
K057,BROOKLYN EMERGING LEADERS ACAD,OTHER,252100
K057,J.H.S. 57 - BROOKLYN,OTHER,102481
K058,P.S. 58 - BROOKLYN,OTHER,7162202
K059,P.S. 59 - BROOKLYN,OTHER,299974
K061,I.S. 61 - BROOKLYN,OTHER,506476
K061,I.S. 61 - BROOKLYN,ROOF,23061641
K062,I.S. 62 - BROOKLYN,OTHER,9238210
K066,P.S. 66 - BROOKLYN,OTHER,1271037
K067,P.S. 67 - BROOKLYN,OTHER,1407827
K068,I.S. 68 - BROOKLYN,OTHER,1691176
K069,P.S. 69 - BROOKLYN,OTHER,420976
K069,P.S. 69 - BROOKLYN,ROOF,7678956
K071,BEGINNING WITH CHLDRN CHRTR II,OTHER,193923
K071,I.S. 71 - BROOKLYN,OTHER,3665601
K072,EAST NEW YORK ELEMENTARY SCHL,OTHER,290556
K072,EAST NEW YORK MIDDLE SCHOOL OF,OTHER,69474
K073,BROOKLYN ENVIRONMENTAL EXPLORA,OTHER,226566
K075,P.S. 75 - BROOKLYN,FLOOD,4729708
K075,P.S. 75 - BROOKLYN,OTHER,89997
K081,P.S. 81 - BROOKLYN,OTHER,278000
K084,P.S. 84 - BROOKLYN,OTHER,124000
K085,K753 SPED - BROOKLYN,OTHER,6674496
K086,P.S. 86 - BROOKLYN,OTHER,745508
K088,I.S. 88 - BROOKLYN,OTHER,1376392
K091,P.S. 91 - BROOKLYN,OTHER,847855
K092,P.S. 92 - BROOKLYN,OTHER,14124310
K093,P.S. 93 - BROOKLYN,OTHER,47301
K094,P.S. 94 - BROOKLYN,FLOOD,9815491
K094,P.S. 94 - BROOKLYN,OTHER,2859371
K095,P.S. 95 - BROOKLYN,OTHER,5641601
K096,I.S. 96 - BROOKLYN,OTHER,199328
K097,P.S. 97,OTHER,173765
K097,P.S. 97 - BROOKLYN,OTHER,69185926
K099,P.S. 99 - BROOKLYN,OTHER,599271
K102,P.S. 102 - BROOKLYN,OTHER,701347
K102,P.S. 102 - BROOKLYN,ROOF,12966731
K104,P.S. 104 - BROOKLYN,FLOOD,13424652
K104,P.S. 104 - BROOKLYN,OTHER,8520522
K105,P.S. 105 - BROOKLYN,FLOOD,7843954
K105,P.S. 105 - BROOKLYN,OTHER,894710
K106,P.S. 106 - BROOKLYN,OTHER,100865
K107,P.S. 107 - BROOKLYN,OTHER,243181
K107,P.S. 107 - BROOKLYN,ROOF,4896266
K108,P.S. 108 - BROOKLYN,OTHER,1169560
K110,P.S. 110 - BROOKLYN,OTHER,242464
K111,I.S. 347 - BROOKLYN,OTHER,410543
K111,I.S. 349 - BROOKLYN,OTHER,158493
K112,P.S. 112 - BROOKLYN,OTHER,95845
K113,I.S. 113 - BROOKLYN,OTHER,518478
K114,P.S. 114 - BROOKLYN,OTHER,675196
K115,P.S. 115 - BROOKLYN,OTHER,193596
K116,P.S. 116 - BROOKLYN,OTHER,326713
K117,BKLYN HS FOR LEADERSHIP & COMM,OTHER,98645
K117,BROOKLYN COMMUNITY ARTS & MEDI,OTHER,98645
K117,M.S. 596 PEACE ACADEMY - K,OTHER,98645
K119,P.S. 119 - BROOKLYN,OTHER,1516298
K120,K368 SPED - BROOKLYN,OTHER,350000
K120,P.S. 120 - BROOKLYN,OTHER,610708
K121,P.S. 121 - BROOKLYN,OTHER,249485
K121,P.S. 121 - BROOKLYN,ROOF,5643858
K123,P.S. 123 - BROOKLYN,OTHER,210448
K124,P.S. 124 - BROOKLYN,FLOOD,4400048
K124,P.S. 124 - BROOKLYN,OTHER,666903
K126,BELIEVE NORTHSIDE CHARTER HIGH,OTHER,35000
K126,J.H.S. 126 - BROOKLYN,OTHER,1825110
K126,WILLIAMSBURG CHARTER SCHOOL -,OTHER,235000
K127,P.S. 127 - BROOKLYN,OTHER,75709819
K127,P.S. 127 - BROOKLYN,ROOF,4107147
K128,P.S. 128 - BROOKLYN,OTHER,2460063
K130,P.S. 130 - BROOKLYN,OTHER,1159356
K130,P.S. 130 - BROOKLYN,ROOF,14700502
K131,P.S. 131 - BROOKLYN,FLOOD,15509395
K131,P.S. 131 - BROOKLYN,OTHER,401442
K132,P.S. 132 - BROOKLYN,OTHER,665715
K135,P.S. 135 - BROOKLYN,OTHER,291000
K135,P.S. 135 - BROOKLYN,ROOF,8762063
K136,I.S. 136 - BROOKLYN,FLOOD,13289710
K136,I.S. 136 - BROOKLYN,OTHER,5218629
K136,I.S. 821 - BROOKLYN,OTHER,3658372
K137,P.S. 137 - BROOKLYN,OTHER,353560
K138,P.S. 138 - BROOKLYN,FLOOD,10526802
K138,P.S. 138 - BROOKLYN,OTHER,181829
K139,P.S. 139 - BROOKLYN,OTHER,1813978
K142,I.S. 448 - BROOKLYN,OTHER,871200
K142,P.S. 146 - BROOKLYN,OTHER,4764896
K142,P.S. 146 - BROOKLYN,ROOF,2647833
K145,P.S. 145 - BROOKLYN,OTHER,283298
K145,P.S. 145 - BROOKLYN,ROOF,3613321
K147,P.S. 147 - BROOKLYN,OTHER,8482182
K147,P.S. 147 - BROOKLYN,ROOF,9262920
K147,YOUNG WOMEN'S LEADERSHIP SCHOO,OTHER,35000
K148,K373 SPED - BROOKLYN,OTHER,165945
K149,P.S. 149 - BROOKLYN,OTHER,125000
K150,P.S. 150 - BROOKLYN,FLOOD,5729946
K150,P.S. 150 - BROOKLYN,OTHER,815578
K151,P.S. 151 - BROOKLYN,OTHER,1004057
K152,P.S. 152 - BROOKLYN,OTHER,1024113
K152,P.S. 315 - BROOKLYN,OTHER,1999768
K153,P.S. 153 - BROOKLYN,OTHER,173716
K154,P.S. 154 - BROOKLYN,OTHER,1412177
K155,P.S. 155 - BROOKLYN,OTHER,7512342
K155,P.S. 155 - BROOKLYN,ROOF,2662831
K157,P.S. 157 - BROOKLYN,OTHER,318910
K158,P.S. 158 - BROOKLYN,FLOOD,18100428
K158,P.S. 158 - BROOKLYN,OTHER,1818395
K159,P.S. 159 - BROOKLYN,OTHER,618396
K160,P.S. 160 - BROOKLYN,OTHER,691281
K161,P.S. 161 - BROOKLYN,FLOOD,3238118
K161,P.S. 161 - BROOKLYN,OTHER,668075
K162,I.S. 162 - BROOKLYN,FLOOD,19402206
K162,I.S. 162 - BROOKLYN,OTHER,2406629
K163,P.S. 748 - BROOKLYN,OTHER,2338111
K164,P.S. 164 - BROOKLYN,OTHER,447699
K164,P.S. 164 - BROOKLYN,ROOF,7773830
K165,P.S. 165 - BROOKLYN,OTHER,1036751
K166,SCHOOL BASED HEALTH CENTER - B,OTHER,86466
K166,UFT CHARTER SCHOOL - BROOKLYN,OTHER,352187
K166,VAN SICLEN COMMUNITY MIDDLE SC,OTHER,136179
K167,NEW BRIDGES,OTHER,125985
K167,P.S. 167 - BROOKLYN,OTHER,260721
K167,P.S. 167 - BROOKLYN,ROOF,11163796
K169,P.S. 169 - BROOKLYN,OTHER,13173554
K170,P.S. 170 - BROOKLYN,OTHER,9355875
K171,I.S. 171 - BROOKLYN,OTHER,1605438
K174,BKLYN GARDENS ELEMENTARY SCHL,OTHER,319802
K174,BROOKLYN GARDENS ELEMENTARY SC,OTHER,559225
K174,SCHOOL OF THE FUTURE BROOKLYN,OTHER,876295
K175,FREDERICK DOUGLAS ACAD VII HS,OTHER,15372
K175,TEACHERS PREP (HS LVL) - K,OTHER,114622
K176,P.S. 176 - BROOKLYN,OTHER,439812
K177,P.S. 177 - BROOKLYN,OTHER,3363532
K178,K077 SPED - BROOKLYN,FLOOD,8186087
K178,P.S. 178 - BROOKLYN,OTHER,336274
K179,P.S. 179 - BROOKLYN,OTHER,35000
K180,K231 SPED - BROOKLYN,OTHER,100000
K180,P.S. 180 - BROOKLYN,OTHER,160819
K181,P.S. 181 - BROOKLYN,FLOOD,1905000
K181,P.S. 181 - BROOKLYN,OTHER,41000
K183,P.S. 446 - BROOKLYN,OTHER,391492
K183,RIVERDALE AVENUE MIDDLE SCHOOL,OTHER,828882
K184,P.S. 184 - BROOKLYN,OTHER,2896477
K184,P.S. 184 - BROOKLYN,ROOF,8897924
K185,P.S. 185 - BROOKLYN,OTHER,915046
K186,P.S. 186 - BROOKLYN,OTHER,215349
K189,P.S. 189 - BROOKLYN,OTHER,62000
K190,P.S. 190 - BROOKLYN,OTHER,500
K191,P.S. 191 - BROOKLYN,OTHER,2615695
K191,P.S. 191 - BROOKLYN,ROOF,4710161
K192,P.S. 192 - BROOKLYN,OTHER,50000
K193,P.S. 193 - BROOKLYN,OTHER,1286564
K196,I.S. 582 - BROOKLYN,OTHER,311729
K196,P.S. 196 - BROOKLYN,OTHER,628104
K196,P.S. 196 - BROOKLYN,ROOF,7753225
K197,P.S. 197 - BROOKLYN,FLOOD,13606031
K197,P.S. 197 - BROOKLYN,OTHER,1078368
K198,P.S. 198 - BROOKLYN,OTHER,127720
K200,P.S. 200 - BROOKLYN,OTHER,323128
K200,P.S. 200 - BROOKLYN,ROOF,9008887
K201,I.S. 201 - BROOKLYN,OTHER,1041798
K202,ACHIEVEMENT FIRST ASPIRE CHART,OTHER,5950000
K202,P.S. 202 - BROOKLYN,OTHER,469560
K203,P.S. 203 - BROOKLYN,OTHER,514807
K204,P.S. 204 - BROOKLYN,OTHER,112241
K205,P.S. 205 - BROOKLYN,FLOOD,6249265
K205,P.S. 205 - BROOKLYN,OTHER,87611
K206,P.S. 206 - BROOKLYN,OTHER,318477
K208,P.S. 208 - BROOKLYN,OTHER,1011922
K210,I.S. 394 - BROOKLYN,OTHER,787904
K210,I.S. 394 - BROOKLYN,PENET,1216807
K213,P.S. 213 - BROOKLYN,OTHER,8252088
K214,P.S. 214 - BROOKLYN,OTHER,65186
K215,P.S. 215 - BROOKLYN,OTHER,4551301
K217,P.S. 217 - BROOKLYN,FLOOD,12177075
K217,P.S. 217 - BROOKLYN,OTHER,545292
K218,I.S. 218 - BROOKLYN,OTHER,6371102
K218,I.S. 218 - BROOKLYN,PENET,3867813
K218,I.S. 218 - BROOKLYN,ROOF,7580390
K218,SCHOOL FOR CLASSICS HS - BROOK,OTHER,524702
K219,P.S. 219 - BROOKLYN,OTHER,762923
K219,P.S. 219 - BROOKLYN,ROOF,20054748
K220,I.S. 220 - BROOKLYN,OTHER,410639
K221,P.S. 221 - BROOKLYN,OTHER,125262
K222,P.S. 222 - BROOKLYN,OTHER,2107848
K223,I.S. 223 - BROOKLYN,FLOOD,6636620
K223,I.S. 223 - BROOKLYN,OTHER,118424
K223,URBN ASSY SCHL CRIM JUSTICE,OTHER,1971278
K224,P.S. 224 - BROOKLYN,OTHER,225000
K226,P.S. 226 - BROOKLYN,OTHER,995425
K227,I.S. 227 - BROOKLYN,OTHER,672643
K227,I.S. 227 - BROOKLYN,ROOF,6973909
K228,I.S. 228 - BROOKLYN,OTHER,339430
K229,P.S. 229 - BROOKLYN,FLOOD,17763979
K229,P.S. 229 - BROOKLYN,OTHER,75000
K230,P.S. 230 - BROOKLYN,OTHER,2177238
K230,P.S. 230 - BROOKLYN,ROOF,14392943
K231,K371 SPED - BROOKLYN,OTHER,49625
K232,ARTS & MEDIA PREP ACADEMY - K,OTHER,102236
K232,EAST FLATBUSH COMMUNITY RESCH,OTHER,667839
K232,"MIDDLE SCHL MEDIA, LAW AND FIN",OTHER,102236
K232,MIDDLE SCHOOL OF MKTG - K,OTHER,201486
K232,MIDDLE SCHOOL OF MKTG - K,ROOF,6320864
K233,P.S. 233 - BROOKLYN,OTHER,484510
K233,P.S. 233 - BROOKLYN,ROOF,7158796
K234,I.S. 234 - BROOKLYN,OTHER,1331677
K235,P.S. 235 - BROOKLYN,OTHER,502163
K237,THE ACADAMY OF TALENTED SCHOLA,OTHER,279421
K237,THE BROOKLYN SCHOOL OF INQUIRY,OTHER,204421
K237,THE BROOKLYN SCHOOL OF INQUIRY,ROOF,3405741
K238,K231 SPED - BROOKLYN,OTHER,35000
K238,P.S. 238 - BROOKLYN,OTHER,9249665
K240,I.S. 240 - BROOKLYN,FLOOD,21671128
K240,I.S. 240 - BROOKLYN,OTHER,381616
K240,I.S. 381 - BROOKLYN,OTHER,76000
K241,P.S. 241 - BROOKLYN,OTHER,953337
K242,OLYMPUS ACADEMY - BROOKLYN,OTHER,26315
K242,P.S. 235 - BROOKLYN,OTHER,432147
K244,BROOKLYN SCIENCE AND ENGINEERI,OTHER,110166
K244,P.S. 244 - BROOKLYN,OTHER,1231609
K246,I.S. 246 - BROOKLYN,FLOOD,5818764
K246,I.S. 246 - BROOKLYN,OTHER,1413879
K247,P.S. 247 - BROOKLYN,OTHER,2109286
K249,P.S. 249 - BROOKLYN,OTHER,9411728
K250,P.S. 250 - BROOKLYN,OTHER,619535
K251,P.S. 251 - BROOKLYN,OTHER,5824609
K252,I.S. 252,OTHER,25038
K252,MIDDLE SCHOOL FOR ART & PHILOS,OTHER,1104137
K252,MIDDLE SCHOOL FOR ART & PHILOS,ROOF,12298728
K255,P.S. 255 - BROOKLYN,OTHER,277669
K255,P.S. 255 - BROOKLYN,ROOF,16825852
K256,P.S. 256 - BROOKLYN,OTHER,137000
K257,P.S. 257 - BROOKLYN,OTHER,296774
K258,K140 SPED - BROOKLYN,OTHER,251345
K259,I.S. 259 - BROOKLYN,OTHER,8451930
K261,P.S. 261 - BROOKLYN,OTHER,295079
K262,P.S. 262 - BROOKLYN,OTHER,761197
K263,M.S. 671 - BROOKLYN,OTHER,135618
K263,P.S./I.S. 323 - BROOKLYN,OTHER,2437612
K264,P.S. 264 - BROOKLYN,OTHER,35000
K265,I.S. 265 - BROOKLYN,OTHER,1276792
K265,I.S. 265 -BROOKLYN,OTHER,6500098
K268,P.S. 268 - BROOKLYN,OTHER,1612581
K269,COMMUNITY BASED ORGANIZATION -,OTHER,121435
K269,P.S. 361 - BROOKLYN,OTHER,41000
K270,COMMUNITY PARTNERSHIP CHARTER,OTHER,147000
K270,P.S. 270 - BROOKLYN,OTHER,130001
K271,EAGLE ACAD YOUNG MEN AT OCEAN,OTHER,783710
K271,I.S. 522 - BROOKLYN,OTHER,9816016
K273,P.S. 273 - BROOKLYN,OTHER,475142
K274,P.S. 274 - BROOKLYN,OTHER,5894839
K275,I.S. 518 - BROOKLYN,OTHER,637387
K280,EDUCATIONAL CAMPUS @ 500 19TH,OTHER,21542579
K280,I.S. 442 - BROOKLYN,OTHER,94037
K280,PRE-K CENTER AT BISHOP FORD SC,OTHER,939473
K282,P.S. 282 - BROOKLYN,OTHER,754444
K284,P.S. 284 - BROOKLYN,OTHER,1554214
K284,P.S. 284 - BROOKLYN,PENET,2854694
K285,I.S. 285 - BROOKLYN,OTHER,1524758
K289,P.S. 289 - BROOKLYN,OTHER,143491
K290,P.S. 290 - BROOKLYN,OTHER,650053
K290,P.S. 290 - BROOKLYN,ROOF,3922381
K291,BUSHWICK COMMUNITY HS - BROOKL,OTHER,130360
K291,I.S. 291 - BROOKLYN,OTHER,1400344
K291,"MATH, ENGINEERING, AND SCIENCE",OTHER,96843
K292,I.S. 292 - BROOKLYN,OTHER,318100
K293,DIGITAL ARTS AND CINEMA TECHNO,OTHER,14386
K293,THE BOERUM HILL SCHOOL FOR INT,OTHER,205860
K296,I.S. 562 - BROOKLYN,OTHER,234060
K296,K053 SPED - BROOKLYN,OTHER,522102
K297,P.S. 297 - BROOKLYN,OTHER,124064
K298,I.S. 363 - BROOKLYN,OTHER,145458
K298,I.S. 363 - BROOKLYN,ROOF,4679593
K298,P.S. 298 - BROOKLYN,OTHER,1132711
K299,P.S. 299 - BROOKLYN,OTHER,372067
K302,I.S. 302 - BROOKLYN,OTHER,617990
K302,LIBERTY AVENUE MIDDLE SCHOOL,OTHER,193923
K302,SCHOOL BASED HEALTH CENTER - B,OTHER,205262
K302,VISTA ACADEMY - BROOKLYN,OTHER,598769
K304,BRIGHTER CHOICE COMMUN SCHL,OTHER,511972
K304,YOUNG SCHOLARS ACADEMY - BKLN,OTHER,5488106
K305,P.S. 305 - BROOKLYN,OTHER,15341
K306,P.S. 306 - BROOKLYN,OTHER,890993
K307,P.S. 307 - BROOKLYN,OTHER,863034
K308,P.S. 308 - BROOKLYN,OTHER,323299
K309,P.S. 309 - BROOKLYN,OTHER,504076
K310,P.S. 310 - BROOKLYN,OTHER,326978
K313,URBAN ASSEMBLY HS - BROOKLYN,OTHER,53081
K314,P.S. 503 - BROOKLYN,OTHER,1776668
K314,P.S. 503 - BROOKLYN,ROOF,6157595
K314,P.S. 506 - BROOKLYN,OTHER,891514
K315,P.S. 17 - BROOKLYN,OTHER,8101620
K316,P.S. 316 - BROOKLYN,OTHER,234509
K316,P.S. 316 - BROOKLYN,ROOF,3368066
K317,P.S. 133 - BROOKLYN,OTHER,69736
K319,P.S. 319 - BROOKLYN,OTHER,185921
K320,M.S. 352 - BROOKLYN,OTHER,175000
K320,P.S. 375 - BROOKLYN,OTHER,7775431
K321,P.S. 321 - BROOKLYN,OTHER,7791807
K321,P.S. 321 - BROOKLYN,ROOF,2292009
K324,I.S. 267 - BROOKLYN,OTHER,774176
K327,P.S. 327 - BROOKLYN,OTHER,537758
K328,P.S. 328 - BROOKLYN,OTHER,453578
K328,P.S. 328 - BROOKLYN,ROOF,6034854
K330,P.S. 1 ANNEX - BROOKLYN,NEW SCHOOL,36266298
K331,I.S. 30 - BROOKLYN,OTHER,75000
K332,CHRISTOPHER AVENUE COMMUNITY S,OTHER,12412
K333,SUNSET PARK AVENUES ELEMENTARY,OTHER,292085
K335,P.S. 335 - BROOKLYN,OTHER,846552
K345,P.S. 345 - BROOKLYN,OTHER,9487570
K346,I.S. 452,OTHER,666304
K346,P.S. 346 - BROOKLYN,OTHER,404466
K356,I.S. 392 - BROOKLYN,OTHER,1368314
K356,P.S. 156 - BROOKLYN,OTHER,819245
K364,I.S. 364 - BROOKLYN,OTHER,465200
K368,P.S. 159 - BROOKLYN,OTHER,10007604
K369,COY L. COX SCHOOL,FLOOD,5128776
K369,COY L. COX SCHOOL,OTHER,843576
K371,K371 SPED - BROOKLYN,OTHER,748398
K376,P.S. 376 - BROOKLYN,OTHER,730618
K377,P.S. 377 - BROOKLYN,OTHER,1106711
K383,I.S. 383 - BROOKLYN,OTHER,621377
K384,P.S. 384 - BROOKLYN,OTHER,904206
K390,M.S. 334 - BROOKLYN,OTHER,130360
K390,M.S. 354 - BROOKLYN,OTHER,8416402
K391,I.S. 722 - BROOKLYN,OTHER,421395
K395,P.S. 109 - BROOKLYN,OTHER,1169269
K395,P.S. 109 - BROOKLYN,ROOF,4294276
K396,K396 SPED - BROOKLYN,OTHER,2968414
K397,P.S. 397 - BROOKLYN,OTHER,326000
K398,P.S. 398 - BROOKLYN,OTHER,1661045
K398,P.S. 770 - BROOKLYN,OTHER,528000
K399,P.S. 399 - BROOKLYN,OTHER,5821709
K405,MIDWOOD H.S.,OTHER,1123960
K405,MIDWOOD HS - BROOKLYN,OTHER,1174535
K406,MIDWOOD HS - BROOKLYN,OTHER,26976091
K415,IT TAKES A VILLAGE ACADEMY - K,FLOOD,24491400
K415,IT TAKES A VILLAGE ACADEMY - K,OTHER,3179500
K415,KURT HAHN EXPED LEARNING SCH,ROOF,4124621
K415,KURT HAHN EXPED LEARNING SCH -,OTHER,91000
K420,ACADEMY OF INNOV TECH - BROOKL,OTHER,634631
K420,BROOKLYN LAB SCHOOL - BROOKLYN,OTHER,303506
K420,CYPRESS HILLS COLLEGIATE - K,OTHER,1860530
K420,MULTICULTURAL HS - BROOKLYN,FLOOD,40778781
K420,MULTICULTURAL HS - BROOKLYN,OTHER,5335274
K420,MULTICULTURAL HS - BROOKLYN,ROOF,1028
K420,THE URBAN ASSEMBLY SCHOOL FOR,OTHER,42212
K422,ACAD. FOR YOUNG WRITERS - K,OTHER,35000
K422,K053 SPED - BROOKLYN,OTHER,147574
K422,SPRING CREEK COMMUNITY SCHOOL,OTHER,93444
K425,JAMES MADISON HS,OTHER,8266147
K425,JAMES MADISON HS - BROOKLYN,OTHER,3340060
K430,BROOKLYN TECH HS - K,OTHER,62533468
K430,BROOKLYN TECH HS - K,ROOF,25056901
K431,BROOKLYN TECH HS - K,OTHER,8589391
K435,FDNY - CAPTAIN VERNON A. RICHA,OTHER,197027
K435,HIGH SCHOOL FOR CIVIL RIGHTS -,OTHER,215000
K435,PERFORMING ARTS AND TECH. HS,OTHER,5331699
K435,PERFORMING ARTS AND TECH. HS -,OTHER,564986
K435,PERFORMING ARTS AND TECH. HS -,ROOF,16305
K435,WORLD ACAD FOR COMMUNITY HEALT,OTHER,231434
K436,HIGH SCHOOL FOR CIVIL RIGHTS -,OTHER,58478
K437,M.S. 839 - BROOKLYN,OTHER,35000
K440,BROOKLYN HS FOR SCI & THE ENVI,OTHER,445336
K440,THE INTERNATIONAL HS - BKLYN,FLOOD,25171964
K440,THE INTERNATIONAL HS - BROOKLY,OTHER,1135616
K445,NEW UTRECHT HS - BROOKLYN,OTHER,360077
K445,NEW UTRECHT HS - BROOKLYN,PENET,11937780
K450,EAST WILLIAMSBURG SCHOLARS ACA,OTHER,162000
K450,"HS OF ENTERPRISE, BUS. & TECH.",OTHER,262780
K450,PROGRESS HS - K,OTHER,1398798
K450,PROGRESS HS - K,ROOF,62595917
K451,PROGRESS HS - K,OTHER,1498869
K455,BOYS & GIRLS HS - BROOKLYN,OTHER,5830774
K456,BOYS & GIRLS HS - BROOKLYN,OTHER,567646
K458,BED-STUYVESANT PREPARATORY HS,ROOF,11520145
K458,BROOKLYN ACADEMY HS - BROOKLYN,OTHER,11170815
K458,LEADERSHIP PREP CHARTER - K,OTHER,345287
K460,CYBERARTS STUDIO ACADEMY - K,OTHER,129052
K460,MILLENIUM BROOKLYN HIGH SCHOOL,OTHER,69737
K460,PARK SLOPE COLLEGIATE - K,OTHER,35000
K460,SECONDARY SCHOOL FOR LAW - K,OTHER,10297284
K465,CAMPUS ACAD. FOR BUS. & TECH.,OTHER,170000
K465,ERASMUS YABC,OTHER,102344
K465,HS FOR SERVICE AND LEARNING -,OTHER,249624
K465,HS FOR YOUTH & COMMUNITY DEV.,OTHER,43407
K465,I.S. 382 - BROOKLYN,OTHER,1295273
K465,I.S. 382 - BROOKLYN,ROOF,5671694
K465,SCIENCE TECH & RESEARCH - K,OTHER,636407
K465,SCIENCE TECHNOLOGY & RESEARCH,OTHER,5777472
K470,H.S. 745 - BROOKLYN,OTHER,1536144
K470,I.S. 533 - BROOKLYN,OTHER,166740
K470,K036 SPED - BROOKLYN,OTHER,271626
K477,P.S. 172 - BROOKLYN,OTHER,8098161
K478,P.S. 190 - BROOKLYN,OTHER,8126108
K480,ACAD. FOR ENVIRON. LDRSHP - K,OTHER,1780133
K480,BKLYN SCHL FOR MATH AND RESRCH,OTHER,3352313
K480,BKLYN SCHL FOR SOCIAL JUSTICE,OTHER,3240511
K480,BRKLYN SCHL FOR SOCIAL JUSTICE,ROOF,21485796
K480,BROOKLYN SCHOOL FOR MATH AND R,OTHER,35000
K480,THE ACADEMY OF URBAN PLANNING,OTHER,35000
K480,THE BROOKLYN SCHOOL FOR SOCIAL,OTHER,884384
K485,TELECOM ARTS & TECHNOLOGY H.S.,OTHER,10526930
K485,TELECOM. ARTS & TECH. HS - K,OTHER,328782
K486,I.S. 187 - BROOKLYN,OTHER,1359004
K490,FORT HAMILTON HS - K,FLOOD,25844225
K490,FORT HAMILTON HS - K,OTHER,11270215
K500,HS FOR INNOVATION IN AD - BKLY,OTHER,564893
K500,HS FOR MEDICAL PROFESSIONS - K,FLOOD,10729817
K505,FRANKLIN D. ROOSEVELT HS - K,OTHER,642626
K525,EDWARD R. MURROW HS - K,OTHER,1393675
K525,MURROW H.S.,OTHER,2133833
K555,BROOKLYN COLLEGE ACADEMY - K,OTHER,216000
K557,P.S. @ 4302 4TH AVE - BROOKLYN,NEW SCHOOL,66279759
K557,P.S. @ 4302 4TH AVE - BROOKLYN,OTHER,19035591
K564,SUNSET PARK HS - BROOKLYN,OTHER,923372
K580,CITY POLYTECHNIC HIGH SCHOOL O,OTHER,51778
K580,GEORGE WESTINGHOUSE VOC. HS,OTHER,978069
K590,MEDGAR EVERS COLLEGE PREPARATO,OTHER,635000
K599,EAST NY FAMILY ACADEMY - K,NEW SCHOOL,83586925
K600,CLARA BARTON HS - K,OTHER,306681
K615,E NY VOC HS OF TRANSIT TECH.-K,OTHER,507293
K625,PATHWAYS IN TECHNOLOGY,FLOOD,13423264
K625,PATHWAYS IN TECHNOLOGY,OTHER,745316
K625,PATHWAYS IN TECHNOLOGY EARLY C,OTHER,256147
K653,I.S. 653 - BROOKLYN,NEW SCHOOL,91856144
K655,BROOKLYN HS OF THE ARTS,OTHER,2003718
K656,BROOKLYN HS OF THE ARTS,OTHER,11920936
K660,WILLIAM MAXWELL VOC HS - K,FLOOD,25924
K660,WILLIAM MAXWELL VOC HS - K,OTHER,13233637
K662,BROOKLYN DAILY DISCOVERY PRE-K,OTHER,76000
K663,K000 - BROOKLYN,OTHER,500000
K667,P.S./I.S. @ 3269 ATLANTIC AVE,NEW SCHOOL,96353132
K671,P.S. @ 836-841 5TH AVENUE,NEW SCHOOL,56097793
K671,P.S. @ 836-841 5TH AVENUE - BR,OTHER,7771563
K673,P.S. 18 - BROOKLYN,OTHER,8341071
K677,SUCCESS ACADEMY CHARTER SCHOOL,OTHER,12100
K682,P.S. @ 736 48TH ST - BROOKLYN,OTHER,9846657
K682,P.S. 896 - BROOKLYN,OTHER,26428
K693,P.S. 112 - BROOKLYN,OTHER,10236146
K694,STEM CENTER @ CLINTON STREET,OTHER,14977372
K707,P.S. 189 - BROOKLYN,OTHER,10528838
K710,PRE-K CENTER @ 168 8TH STREET,NEW SCHOOL,38149947
K721,BKLYN STUDIO SEC. SCL - B,ROOF,5523805
K721,BKLYN STUDIO SEC. SCL - BROOKL,OTHER,119362
K730,P.S. @ 4525 8TH AVENUE,NEW SCHOOL,50524662
K735,P.S. 245 - BROOKLYN,OTHER,264229
K743,ADULT AND CONTINUING EDUCATION,FLOOD,11066410
K743,ADULT LEARNING CENTER - BKLYN,OTHER,18382
K745,P.S. 132 - BROOKLYN,OTHER,9864493
K746,P.S. 746 - BROOKLYN,NEW SCHOOL,106562913
K747,DISTRICT 20 PRE-K CENTER,OTHER,7400
K747,PK/3K CENTER @ 21 BAY 11TH ST,OTHER,8009764
K748,P.S. @ ALBEE SQUARE WEST - K,OTHER,28872886
K763,THE MAURICE SENDAK COMMUNITY S,OTHER,273347
K767,DISTRICT 20 PRE-K CENTER,OTHER,512888
K768,K000 - BROOKLYN,OTHER,69750
K776,P.S. 152 - BROOKLYN,OTHER,382910
K778,EL PUENTE ACADEMY - BROOKLYN,ROOF,5791775
K781,WEST BROOKLYN COMMUNITY HS - K,OTHER,199576
K798,P.S. 65 - BROOKLYN,OTHER,208842
K799,ALC - BROOKLYN CHOICES,ROOF,7240832
K801,HEADQTRS 65 CNTRL ADMIN. - K,OTHER,12523821
K802,BOYS AND GIRLS YABC,OTHER,6700
K804,COBBLE  HILL SCHL OF AMER STDS,OTHER,397700
K805,BROOKLYN INTERNATIONAL HS - K,OTHER,167295
K805,SCIENCE SKILLS CENTER HS - K,OTHER,35000
K806,KHALIL GIBRAN INTERNATIONAL AC,OTHER,341063
K807,K370 SPED - BROOKLYN,OTHER,58000
K807,P.S. 163 - BROOKLYN,OTHER,625032
K819,EAST NY FAMILY ACAD.  - K,OTHER,35000
K824,ASPIRATIONS DIPLOMA HS - BROOK,OTHER,62000
K824,W.E.B.  DUBOIS HS - BROOKLYN,OTHER,40000
K831,DIV. COMPUTER INFO-DATA CNTR,OTHER,51550712
K834,K372 SPED - BROOKLYN,OTHER,35000
K834,P.S. 418 - BROOKLYN,OTHER,1784709
K843,K004 SPED - BROOKLYN,OTHER,100000
K845,I.S. 443 - BROOKLYN,OTHER,185000
K845,P.S. 295 - BROOKLYN,FLOOD,11297761
K845,P.S. 295 - BROOKLYN,OTHER,209417
K848,P.S. 149 - BROOKLYN,ROOF,2548363
K849,P.S. 134 - BROOKLYN,OTHER,50000
K852,P.S. 326 - BROOKLYN,OTHER,464107
K855,P.S. 135 - BROOKLYN,ROOF,393329
K860,P.S. 219 - BROOKLYN,OTHER,1689081
K864,P.S. 361 - BROOKLYN,OTHER,367538
K865,BUSHWICK LEADERS - K,OTHER,14019639
K874,I.S. 340 - BROOKLYN,OTHER,1332738
K902,I.S. 266 - BROOKLYN,OTHER,542520
K902,K077 SPED - BROOKLYN,OTHER,162474
K908,P.S. 230 - BROOKLYN,OTHER,609160
K909,ACORN COMMUNITY HS - K,OTHER,385400
K913,EBC HS FOR PUB. SERV. - BUSHWI,OTHER,278304
K914,BENJAMIN BANNEKER ACAD.,OTHER,318313
K917,BROOKLYN COLLEGE ACADEMY - K,OTHER,1024678
K932,PASSAGES ACADEMY,FLOOD,4453563
K971,P.S. 971 - BROOKLYN,OTHER,99236
K987,BROOKLYN HIGH SCHOOL FOR LAW A,OTHER,35000
K994,BEDFORD ACADEMY HS - K,OTHER,300000
KAGI,BROOKLYN PROSPECT CHARTER SCHO,OTHER,104713
KAIX,KEY COLLEGIATE CHARTER SCHOOL,OTHER,104000
KAKB,BEDFORD STUYVESANT COLLEGIATE,OTHER,485000
KAQJ,K000 - BROOKLYN,OTHER,102000
KBNU,BROOKLYN URBAN CHARTER SCHOOL,OTHER,70000
KBNU,K000 - BROOKLYN,OTHER,35000
L001,Q255 SPED - QUEENS,OTHER,35000
L001,Q256 SPED - QUEENS,OTHER,154986
M001,P.S. 1 - MANHATTAN,FLOOD,18419894
M001,P.S. 1 - MANHATTAN,OTHER,81396
M002,P.S. 2 - MANHATTAN,OTHER,85000
M003,P.S. 3 - MANHATTAN,OTHER,459262
M004,P.S. 4 - MANHATTAN,OTHER,1252305
M005,P.S. 5 - MANHATTAN,OTHER,946682
M006,P.S. 6 - MANHATTAN,OTHER,512545
M007,P.S. 7 - MANHATTAN,OTHER,49286
M008,P.S. 8 - MANHATTAN,OTHER,459723
M009,I.S. 243 - MANHATTAN,OTHER,126948
M009,P.S. 9 - MANHATTAN,OTHER,845413
M011,P.S. 11 - MANHATTAN,OTHER,29376391
M017,P.P.A.S. - MANHATTAN,FLOOD,11434443
M017,P.P.A.S. - MANHATTAN,OTHER,290221
M017,P.S. 212 - MANHATTAN,OTHER,190221
M019,I.S. 301 - MANHATTAN,OTHER,49621
M019,P.S. 19 - MANHATTAN,OTHER,159942
M019,P.S. 19 - MANHATTAN,ROOF,4265188
M020,P.S. 20 - MANHATTAN,OTHER,208945
M025,I.S. 378 - MANHATTAN,OTHER,486827
M025,LOWER EAST SIDE PREP HS - M,FLOOD,9320563
M025,LOWER EAST SIDE PREP HS - M,OTHER,246843
M025,MARTE VALLE HS - MANHATTAN,OTHER,1071427
M028,P.S. 28 - MANHATTAN,OTHER,11519773
M033,P.S. 33 - MANHATTAN,OTHER,1219989
M036,P.S. 36 - MANHATTAN,OTHER,3067776
M040,I.S. 255 - MANHATTAN,OTHER,128376
M040,P.S. 40 - MANHATTAN,OTHER,632132
M041,P.S. 41 - MANHATTAN,OTHER,709003
M042,P.S. 42 - MANHATTAN,OTHER,331239
M043,I.S. 286 - MANHATTAN,OTHER,153003
M043,I.S. 286 - MANHATTAN,ROOF,13276406
M043,I.S. 367 - MANHATTAN,OTHER,443027
M043,URBAN ASSEMBLY SCHOOL,OTHER,129871
M043,URBAN ASSEMBLY SCHOOL FOR THE,OTHER,104428
M044,I.S. 245 - MANHATTAN,OTHER,513486
M044,P.S. 334 - MANHATTAN,OTHER,222304
M047,J.H.S. 47 (SCH FOR THE DEAF) -,OTHER,539461
M048,P.S. 48 - MANHATTAN,OTHER,1261740
M052,J.H.S. 52 - MANHATTAN,FLOOD,3560375
M052,J.H.S. 52 - MANHATTAN,OTHER,926567
M054,I.S. 54 - MANHATTAN,OTHER,11425272
M056,J.H.S. 292 - MANHATTAN,OTHER,703059
M056,J.H.S. 292 - MANHATTAN,ROOF,5210525
M057,P.S. 57 - MANHATTAN,OTHER,5805269
M058,M035 SPED - MANHATTAN,OTHER,647302
M060,EAST SIDE COMMUNITY SCHOOL,OTHER,7942937
M060,EASTSIDE COMMUNITY HS - M,OTHER,5928388
M063,P.S. 63 - MANHATTAN,OTHER,1697817
M064,I.S. 839 - MANHATTAN,OTHER,465000
M064,P.S. 364 - MANHATTAN,OTHER,210000
M064,P.S. 64 - MANHATTAN,OTHER,880020
M066,P.S. 151 - MANHATTAN,OTHER,99518
M066,P.S. 151 - MANHATTAN,ROOF,2075560
M070,MUSEUM SCHOOL - MANHATTAN,OTHER,100000
M070,NYC LAB HS - MANHATTAN,OTHER,669907
M070,NYC LAB MIDDLE SCHOOL - M,OTHER,80000
M070,NYC LAB MIDDLE SCHOOL - MANHAT,OTHER,554029
M075,I.S. 250 - MANHATTAN,OTHER,98565
M075,P.S. 75 - MANHATTAN,OTHER,10468720
M079,M079 SPED - MANHATTAN,OTHER,462221
M081,ADULT AND CONTINUING EDUCATION,OTHER,986109
M081,DEMOCRACY PREP HARLEM CHARTER,OTHER,6268674
M081,LYFE,OTHER,3270826
M084,I.S. 247 - MANHATTAN,OTHER,92625
M084,P.S. 84 - MANHATTAN,OTHER,706215
M084,P.S. 84 - MANHATTAN,ROOF,2672693
M087,P.S. 87 - MANHATTAN,OTHER,11594500
M087,P.S. 87 - MANHATTAN,ROOF,10511867
M088,WADLEIGH SCNDRY SCHL FOR PERMG,OTHER,458266
M088,WADLEIGH SECONDARY SCHOOL,OTHER,419376
M088,WADLEIGH SECONDARY SCHOOL FOR,OTHER,121244
M090,I.S. 319 - MANHATTAN,OTHER,156547
M092,P.S. 92 - MANHATTAN,OTHER,5994032
M093,P.S. 210 - MANHATTAN,OTHER,428113
M096,P.S. 96 - MANHATTAN,OTHER,427651
M098,P.S. 98 - MANHATTAN,FLOOD,11177669
M098,P.S. 98 - MANHATTAN,OTHER,768151
M101,PS/IS 375 - MANHATTAN,OTHER,236211
M111,P.S. 111 - MANHATTAN,OTHER,376165
M111,P.S. 111 - MANHATTAN,ROOF,8444303
M113,P.S. 241 - MANHATTAN,FLOOD,2011067
M114,I.S. 114 - MANHATTAN,OTHER,35000
M114,I.S. 114 - MANHATTAN,ROOF,2165543
M115,P.S. 115 - MANHATTAN,OTHER,2427975
M116,P.S. 116 - MANHATTAN,OTHER,994939
M118,I.S. 258 - MANHATTAN,OTHER,508096
M118,LAFAYETTE ACADEMY - MANHATTAN,OTHER,5997372
M118,P.S. 333 - MANHATTAN,OTHER,674353
M118,P.S. 333 - MANHATTAN,ROOF,14395188
M123,P.S. 123 - MANHATTAN,OTHER,631396
M124,P.S. 124 - MANHATTAN,OTHER,147806
M125,I.S. 362 - MANHATTAN,OTHER,5812563
M125,P.S. 125 - MANHATTAN,FLOOD,9356516
M125,P.S. 125 - MANHATTAN,OTHER,1624273
M128,P.S. 128 - MANHATTAN,OTHER,11560514
M128,P.S. 513 - MANHATTAN,OTHER,34725
M129,P.S. 129 - MANHATTAN,FLOOD,33403242
M129,P.S. 129 - MANHATTAN,OTHER,83958
M130,P.S. 130 - MANHATTAN,OTHER,308630
M131,EMMA LAZARUS HIGH SCHOOL,OTHER,158965
M131,EMMA LAZARUS HIGH SCHOOL,ROOF,96930
M131,I.S. 131 - MANHATTAN,OTHER,420943
M131,PACE HIGH SCHOOL - MANHATTAN,OTHER,249235
M132,DOS PUENTES ELEMENTARY SCHOOL,OTHER,263257
M132,P.S. 132 - MANHATTAN,OTHER,10327306
M133,P.S. 133 - MANHATTAN,OTHER,610090
M134,P.S. 134 - MANHATTAN,ROOF,25966399
M136,I.S. 302 - MANHATTAN,OTHER,1417350
M136,MOTT HALL HS - MANHATTAN,OTHER,130000
M137,P.S. 184 - MANHATTAN,OTHER,2119856
M140,P.S. 140 - MANHATTAN,OTHER,266127
M140,P.S. 140 - MANHATTAN,ROOF,27689118
M142,P.S. 142 - MANHATTAN,OTHER,117907
M143,I.S. 143 - MANHATTAN,OTHER,1767317
M143,I.S. 348 - MANHATTAN,OTHER,300941
M144,P.S. 242 - MANHATTAN,FLOOD,3727819
M144,P.S. 242 - MANHATTAN,OTHER,6407253
M145,P.S. 145 - MANHATTAN,OTHER,5835668
M145,WEST PREP ACADEMY - MANHATTAN,OTHER,1230788
M149,P.S. 149 - MANHATTAN,OTHER,45535
M152,P.S. 152 - MANHATTAN,OTHER,3956359
M153,P.S. 153 - MANHATTAN,OTHER,459615
M153,P.S. 368 - MANHATTAN,OTHER,274235
M158,P.S. 158 - MANHATTAN,OTHER,3870701
M161,P.S. 161 - MANHATTAN,OTHER,163931
M163,P.S. 163 - MANHATTAN,OTHER,4241728
M164,I.S. 328 - MANHATTAN,OTHER,499958
M165,I.S. 862 - MANHATTAN,OTHER,10683
M165,P.S. 165 - MANHATTAN,OTHER,583925
M165,P.S. 165 - MANHATTAN,ROOF,24051544
M166,P.S. 166 - MANHATTAN,OTHER,930284
M166,P.S. 166 - MANHATTAN,ROOF,12808988
M167,I.S. 167 - MANHATTAN,OTHER,1515623
M169,M169 SPED - MANHATTAN,FLOOD,3292865
M169,M169 SPED - MANHATTAN,OTHER,917543
M171,P.S. 171 - MANHATTAN,FLOOD,17758493
M171,P.S. 171 - MANHATTAN,OTHER,9369420
M171,P.S. 964 - MANHATTAN,OTHER,100000
M173,I.S. 349 - MANHATTAN,OTHER,41000
M173,P.S. 173 - MANHATTAN,FLOOD,10781515
M173,P.S. 173 - MANHATTAN,OTHER,1009173
M175,P.S. 175 HENRY H GARNET - M,OTHER,767401
M176,P.S. 314 - MANHATTAN,OTHER,221895
M178,P.S. 178 - MANHATTAN,OTHER,493955
M180,P.S. 180 - MANHATTAN,OTHER,100000
M183,P.S. 183 - MANHATTAN,FLOOD,15001814
M183,P.S. 183 - MANHATTAN,OTHER,6541534
M185,P.S. 185 - MANHATTAN,OTHER,242566
M187,P.S. 187 - MANHATTAN,ROOF,4228934
M189,P.S. 189 - MANHATTAN,FLOOD,12957619
M189,P.S. 189 - MANHATTAN,OTHER,352756
M190,P.S. 290 - MANHATTAN,FLOOD,6396653
M190,P.S. 290 - MANHATTAN,OTHER,483629
M190,P.S. 290 - MANHATTAN,ROOF,1867239
M191,P.S. 452 - MANHATTAN,OTHER,787889
M191,THE RIVERSIDE SCHOOL FOR MAKER,OTHER,231177
M192,HAMILTON GRANGE MIDDLE SCHOOL,OTHER,421947
M192,P.S. 192 - MANHATTAN,OTHER,161647
M192,P.S. 325 - MANHATTAN,OTHER,140000
M194,P.S. 194 - MANHATTAN,FLOOD,4289972
M194,P.S. 194 - MANHATTAN,OTHER,288314
M195,I.S. 195 - MANHATTAN,OTHER,19270
M195,I.S. 195 - MANHATTAN,ROOF,2115329
M195,NEW DESIGN MIDDLE SCHOOL - M,OTHER,193841
M195,NEW DESIGN MIDDLE SCHOOL - MAN,OTHER,77939
M197,P.S. 197 - MANHATTAN,OTHER,51302
M198,P.S. 198 - MANHATTAN,OTHER,1634443
M198,P.S. 198 - MANHATTAN,ROOF,9775526
M198,P.S. 77 - MANHATTAN,OTHER,143250
M199,P.S. 199 - MANHATTAN,OTHER,1760534
M207,P.S. 149 - MANHATTAN,OTHER,424158
M218,I.S. 218 - MANHATTAN,OTHER,10837064
M218,I.S. 293 - MANHATTAN,OTHER,1064094
M218,I.S. 322 - MANHATTAN,OTHER,139242
M223,I.S. 223 - MANHATTAN,OTHER,246992
M233,P.S. 132 - MANHATTAN,OTHER,2034854
M234,P.S. 234 - MANHATTAN,OTHER,1902139
M263,P.S. 366 - MANHATTAN,OTHER,36000
M267,P.S. 267 - MANHATTAN,OTHER,410669
M267,P.S. 267 - MANHATTAN,ROOF,3304843
M282,RICHARD R. GREEN HS OF TEACHIN,OTHER,170000
M282,URBAN ASSEMBLY SCHOOL - MANHAT,OTHER,100000
M338,P.S. 51 - MANHATTAN,OTHER,100000
M371,P.S. 318 - MANHATTAN,OTHER,84233
M440,HUDSON HS OF LEARNING TECH - M,OTHER,200000
M440,HUMANITIES PREPARATORY ACAD,OTHER,2445752
M440,JAMES BALDWIN SCHOOL - M,FLOOD,8251565
M440,JAMES BALDWIN SCHOOL - M,OTHER,13010843
M440,JAMES BALDWIN SCHOOL - MANHATT,OTHER,477324
M440,LANDMARK HS - MANHATTAN,OTHER,179400
M440,MANHATTAN BUSINESS ACADEMY,OTHER,99246
M440,QUEST TO LEARN - MANHATTAN,OTHER,150000
M444,PRE-K CENTER @ 606 WEST 57TH,OTHER,7846851
M445,ESSEX STREET ACADEMY - M,OTHER,919466
M445,ESSEX STREET ACADEMY - MANHATT,OTHER,130704
M445,NEW DESIGN HS - MANHATTAN,OTHER,871187
M446,UNIVERSITY NEIGHBORHOOD HS - M,OTHER,46776
M451,LIBERTY HS ACADEMY FOR NEWCOME,OTHER,755952
M460,GRAMERCY ARTS HS - MANHATTAN,OTHER,2159120
M460,HS FOR LANGUAGE AND DIPLOMACY,OTHER,500
M460,INT'L HS AT UNION SQUARE - MAN,OTHER,100000
M460,UNION SQUARE ACADEMY FOR HLTH,OTHER,294000
M460,WASHINGTON IRVING H.S.,OTHER,3557964
M460,WASHINGTON IRVING HS - M,FLOOD,54608834
M460,WASHINGTON IRVING HS - M,OTHER,7673093
M464,P.S. @ TRINITY PLACE - M,NEW SCHOOL,52684200
M465,GEORGE WASHINGTON H.S.,OTHER,206533
M465,HS FOR HEALTH CAREER & SCIENCE,FLOOD,37803019
M465,HS FOR HEALTH CAREER & SCIENCE,OTHER,10818490
M465,HS FOR MEDIA & COMM - M,OTHER,1792116
M465,HS FOR MEDIA & COMM - MANHATTA,OTHER,39699
M465,THE COLLEGE ACADEMY - M,OTHER,2073939
M470,FRANK MCCOURT HS- MANHATTAN,OTHER,396620
M470,GLOBAL LEARNING COLLABORATIVE,OTHER,245289
M470,INNOVATION DIPLOMA PLUS,OTHER,555416
M470,THE GLOBAL LEARNING COLLABORAT,OTHER,72824
M470,URBAN ASSEMBLY SCHOOL,OTHER,3720428
M471,M000 - MANHATTAN,OTHER,7818842
M471,PRE-K CENTER @ 355 EAST 76 ST,OTHER,22194424
M475,HEALTH PROF & HUMAN  SVCS,OTHER,101319
M475,HS FOR HEALTH PROF & HUMAN SER,OTHER,100000
M475,INSTITUTE FOR COLLABORATIVE ED,OTHER,139999
M480,JULIA RICHMAN H.S.,OTHER,360127
M480,M226 SPED - MANHATTAN,OTHER,35000
M480,MANHATTAN INTERNATIONAL HS - M,OTHER,35000
M480,P.S. 225 - MANHATTAN,OTHER,40486
M480,TALENT UNLIMITED HS - M,OTHER,2109999
M480,TALENT UNLIMITED HS - MANHATTA,OTHER,119417
M480,URBAN ACADEMY LABORATORY HS -,OTHER,688911
M480,VANGUARD HS - MANHATTAN,OTHER,169639
M484,TEACHERS COLLEGE COMMUNITY SC,OTHER,7409856
M485,FIORELLO LAGUARDIA HS - M,OTHER,9357413
M485,FIORELLO LAGUARDIA HS - MANHAT,OTHER,1184701
M486,J. K. ONASSIS HS FOR INT CAREE,OTHER,199703
M486,JK ONASSIS HS FOR INT CAREERS,FLOOD,5953123
M488,ART & DESIGN VOC HS - MANHATTA,OTHER,194561
M488,P.S. 59 - MANHATTAN,OTHER,249249
M490,HS FOR ARTS & TECHNOLOGY - M,OTHER,604380
M490,HS FOR ARTS & TECHNOLOGY - M,ROOF,15472041
M490,HUNTER SCIENCE HS - MANHATTAN,OTHER,550044
M490,MANHATTAN THEATER LAB - MANHAT,OTHER,5654
M490,P.S. 859 - MANHATTAN,OTHER,111662
M493,P.S. @ HUDSON SQUARE - M,NEW SCHOOL,46651408
M501,URBAN ASMBLY SCHL GLBL COMMRCE,OTHER,10299168
M506,EDWARD REYNOLDS WEST SIDE HS,FLOOD,13507
M506,EDWARD REYNOLDS WEST SIDE HS,ROOF,4785528
M510,CASCADES CTR FOR TCHING & LNG,OTHER,704914
M510,SATELLITE AT FORSYTHE,FLOOD,10818577
M510,SATELLITE AT FORSYTHE,OTHER,368762
M520,BERGTRAUM HS - MANHATTAN,OTHER,12308306
M520,BERGTRAUM HS (ECF),OTHER,37135
M520,MANHATTAN EARLY COLLEGE SCHOOL,OTHER,311956
M520,URBAN ASSEMBLY MAKER ACADEMY,OTHER,100000
M528,I.S. 528 - MANHATTAN,OTHER,139695
M535,FACING HISTORY SCHOOL - MANHAT,OTHER,50000
M535,MANHATTAN BRIDGES - MANHATTAN,OTHER,918577
M535,PARK WEST HS (ECF),OTHER,62199472
M535,URBAN ASSEMBLY HS - MANHATTAN,OTHER,119875
M540,A. PHILIP RANDOLPH HS -M,FLOOD,68411835
M540,A. PHILIP RANDOLPH HS -M,OTHER,2372796
M540,A. PHILIP RANDOLPH HS -MANHATT,OTHER,311805
M600,FASHION INDUSTRIES VOC HS - M,FLOOD,17324345
M600,FASHION INDUSTRIES VOC HS - M,OTHER,401544
M615,CHELSEA VOC HS - MANHATTAN,OTHER,50000
M615,NYC ISCHOOL - MANHATTAN,OTHER,100924
M620,MANHATTAN ACADEMY OF ARTS AND,OTHER,401651
M620,MURRAY HILL ACADEMY HS - M,FLOOD,17706054
M620,MURRAY HILL ACADEMY HS - M,OTHER,15093885
M620,NORMAN THOMAS H.S.,OTHER,31830
M620,NORMAN THOMAS HS - MANHATTAN,OTHER,2429952
M620,UNITY HS - MANHATTAN,OTHER,431011
M625,GRAPHIC COMMUNICATION ARTS,OTHER,34483
M625,HS OF GRAPHIC COMM. ARTS (VOC),OTHER,13103666
M625,HS OF GRAPHIC COMM. ARTS (VOC),ROOF,10546098
M625,STEPHEN T. MATHER BUILDING ART,OTHER,1242346
M625,THE BUSINESS OF SPORTS SCHOOL,OTHER,100000
M634,NEW YORK HARBOR SCHOOL ANNEX,OTHER,25626441
M641,CITY-AS-SCHOOL - MANHATTAN,OTHER,158150
M641,M721 SPED - MANHATTAN,OTHER,12309978
M660,SCHOOL OF THE FUTURE - MANHATT,OTHER,130240
M661,OLD MABLE DEAN BACON VOC HS AX,OTHER,924272
M751,M751 SPED - MANHATTAN,OTHER,599133
M812,"HS FOR MATH, SCI AND ENGINEERI",OTHER,99010
M814,I.S. 346 - MANHATTAN,OTHER,35000
M816,P.S. 527 - MANHATTAN,OTHER,200000
M832,LANDMARK H.S. @ COALITION,OTHER,31830
M833,HS FOR ECONOMICS & FINANCE - M,OTHER,161362
M834,HS FOR ENVIRONMENTAL STUDIES,OTHER,4965092
M834,HS FOR ENVIRONMENTAL STUDIES -,OTHER,221275
M834,INDEPENDENCE HS - MANHATTAN,OTHER,50000
M837,WEST END SECONDARY SCHOOL - M,OTHER,24031110
M837,WEST END SECONDARY SCHOOL - MA,OTHER,314945
M841,M811 SPED - MANHATTAN,FLOOD,6725926
M845,P.S. 98 - MANHATTAN,OTHER,270117
M847,P.S. 152 - MANHATTAN,OTHER,10130615
M855,ELEANOR ROOSEVELT HS - MANHATT,OTHER,163053
M860,P.S. 343 - MANHATTAN,OTHER,676994
M874,BARUCH COLLEGE CAMPUS HS - M,OTHER,200000
M876,GREGORIO LUPERON PREP. SCHOOL,OTHER,7051961
M883,COALITION H.S. - LEGACY,OTHER,31830
M883,HARVEST COLLEGIATE HIGH SCHOOL,OTHER,64972
M894,HS FOR LEADERSHIP & PUBLIC SER,OTHER,80000
M894,LEADERSHIP & PUBLIC SERVICE HS,OTHER,34483
M896,NYC PUBLIC SCHOOL REPERTORY CO,OTHER,448785
M898,P.S. 18 - MANHATTAN,OTHER,75000
M911,HARLEM RENAISSANCE HS - M,OTHER,100000
M912,BEACON HS - MANHATTAN,OTHER,50000
M912,M035 SPED - MANHATTAN,OTHER,100000
M916,TEACHER'S COLLEGE COMMUNITY SC,OTHER,298424
M916,TEACHERS COLLEGE COMMUNITY SC,OTHER,100000
M918,P.S./I.S. 278 - MANHATTAN,OTHER,125000
M920,SATELLITE ACADEMY - M,OTHER,81644
M932,P.S. 859 - MANHATTAN,OTHER,842333
M933,CITY KNOLL MIDDLE SCHOOL,OTHER,88515
M970,THURGOOD MARSHALL ACADEMY - M,OTHER,116519
M970,THURGOOD MARSHALL ACADEMY - MA,OTHER,29096
M971,M094 SPED - MANHATTAN,OTHER,99249
MJJC,M000 - MANHATTAN,OTHER,1028135
Q002,P.S. 2 - QUEENS,OTHER,48433819
Q003,P.S. 303 - QUEENS,OTHER,80879043
Q005,I.S. 5 - QUEENS,OTHER,7483200
Q005,Q009 SPED - QUEENS,OTHER,35000
Q007,P.S. 7 - QUEENS,OTHER,11595495
Q007,Q255 SPED - QUEENS,OTHER,135000
Q008,J.H.S. 8 - QUEENS,OTHER,1102333
Q008,THE EMERSON SCHOOL - QUEENS,OTHER,189174
Q008,YORK EARLY COLLEGE ACADEMY - Q,OTHER,593019
Q009,Q009 SPED - QUEENS,FLOOD,12612626
Q009,Q009 SPED - QUEENS,OTHER,2014149
Q010,I.S. 10 - QUEENS,OTHER,863765
Q011,P.S. 11 - QUEENS,OTHER,280191
Q012,P.S. 12 - QUEENS,OTHER,313606
Q013,P.S. 13 - QUEENS,OTHER,627940
Q014,P.S. 14 - QUEENS,OTHER,927832
Q015,P.S. 15 - QUEENS,OTHER,833113
Q017,P.S. 17 - QUEENS,OTHER,293296
Q018,P.S. 18 - QUEENS,OTHER,120000
Q019,P.S. 19 - QUEENS,OTHER,280606
Q020,P.S. 20 - QUEENS,FLOOD,7213757
Q020,P.S. 20 - QUEENS,OTHER,6887366
Q021,P.S. 21 - QUEENS,OTHER,316013
Q022,P.S. 22 - QUEENS,FLOOD,3319890
Q022,P.S. 22 - QUEENS,OTHER,3778309
Q023,QUEENS ACADEMY HIGH SCHOOL - Q,OTHER,544758
Q024,P.S. 24 - QUEENS,OTHER,556042
Q025,J.H.S. 25 - QUEENS,OTHER,1622171
Q025,WORLD JOURNALISM PREPARATORY-Q,OTHER,440864
Q026,P.S. 26 - QUEENS,OTHER,8460625
Q028,P.S. 28 - QUEENS,OTHER,300000
Q029,P.S. 29 - QUEENS,FLOOD,1946285
Q029,P.S. 29 - QUEENS,OTHER,84730
Q030,P.S. 354 - QUEENS,OTHER,4889563
Q031,P.S. 31 - QUEENS,OTHER,17201978
Q032,P.S. 32 - QUEENS,OTHER,1638089
Q033,P.S. 33 - QUEENS,OTHER,1912016
Q034,P.S. 34 - QUEENS,OTHER,3561632
Q035,P.S. 35 - QUEENS,OTHER,1186385
Q036,P.S. 36 - QUEENS,OTHER,7193016
Q037,P.S. 37 - QUEENS,FLOOD,17220853
Q037,P.S. 37 - QUEENS,OTHER,8788732
Q038,P.S. 38 - QUEENS,OTHER,1184732
Q040,P.S. 40 - QUEENS,FLOOD,11130411
Q040,P.S. 40 - QUEENS,OTHER,182000
Q041,P.S. 41 - QUEENS,OTHER,56553268
Q041,Q993 SPED - QUEENS,OTHER,35000
Q045,P.S. 45 - QUEENS,FLOOD,13409105
Q045,P.S. 45 - QUEENS,OTHER,372091
Q046,P.S. 46 - QUEENS,OTHER,73783916
Q048,Q075 SPED - QUEENS,OTHER,739257
Q048,Q075 SPED - QUEENS,ROOF,5406367
Q049,P.S. 49 - QUEENS,OTHER,397540
Q050,P.S. 50 - QUEENS,OTHER,253000
Q051,P.S. 51 - QUEENS,OTHER,49183
Q052,P.S. 52 - QUEENS,OTHER,871481
Q053,I.S. 319 - QUEENS,OTHER,3926036
Q053,I.S. 53 - QUEENS,FLOOD,19168787
Q053,I.S. 53 - QUEENS,OTHER,15011342
Q054,P.S. 54 - QUEENS,OTHER,673552
Q055,P.S. 55 - QUEENS,OTHER,6822570
Q056,P.S. 56 - QUEENS,OTHER,1687677
Q058,P.S. 58 - QUEENS,OTHER,1148037
Q058,Q009 SPED - QUEENS,OTHER,35000
Q059,I.S. 59 - QUEENS,OTHER,1532101
Q060,P.S. 60 - QUEENS,OTHER,100000
Q061,I.S. 61 - QUEENS,OTHER,184735
Q061,I.S. 61 - QUEENS,ROOF,6513317
Q062,P.S. 62 - QUEENS,OTHER,553636
Q063,P.S. 63 - QUEENS,OTHER,5500
Q064,P.S. 64 - QUEENS,OTHER,8043368
Q066,P.S. 66 - QUEENS,OTHER,36713930
Q067,J.H.S. 67 - QUEENS,FLOOD,2084811
Q067,J.H.S. 67 - QUEENS,OTHER,585008
Q068,P.S. 68 - QUEENS,OTHER,1740118
Q069,P.S. 69 - QUEENS,FLOOD,3649456
Q069,P.S. 69 - QUEENS,OTHER,2697576
Q070,P.S. 70 - QUEENS,OTHER,159175
Q071,P.S. 71 - QUEENS,OTHER,1810505
Q071,P.S. 71 - QUEENS,ROOF,8585678
Q072,J.H.S. 72 - QUEENS,OTHER,3200112
Q072,REDWOOD MIDDLE SCHOOL,OTHER,185000
Q073,I.S. 73 - QUEENS,OTHER,15892324
Q074,I.S. 74 - QUEENS,OTHER,352385
Q075,Q075 SPED - QUEENS,FLOOD,10161288
Q075,Q075 SPED - QUEENS,OTHER,49621
Q076,P.S. 76 - QUEENS,OTHER,1128549
Q079,P.S. 79 - QUEENS,OTHER,25551221
Q080,P.S. 80 - QUEENS,OTHER,1283050
Q081,P.S. 81 - QUEENS,OTHER,2237589
Q082,P.S. 82 - QUEENS,OTHER,459320
Q082,P.S. 82 - QUEENS,ROOF,4549374
Q084,P.S. 84 - QUEENS,OTHER,756461
Q085,P.S. 85 - QUEENS,OTHER,1391242
Q086,P.S. 86 - QUEENS,OTHER,1449762
Q087,P.S. 87 - QUEENS,OTHER,2589902
Q088,P.S. 88 - QUEENS,OTHER,2869834
Q089,P.S. 89 - QUEENS,OTHER,1870150
Q090,P.S. 90 - QUEENS,OTHER,1424302
Q091,P.S. 91 - QUEENS,OTHER,974564
Q093,I.S. 93 - QUEENS,OTHER,633648
Q093,I.S. 93 - QUEENS,ROOF,21290080
Q094,P.S. 94 - QUEENS,OTHER,605595
Q095,P.S. 95 - QUEENS,OTHER,1221915
Q096,P.S. 96 - QUEENS,OTHER,299305
Q097,P.S. 97 - QUEENS,OTHER,507670
Q099,P.S. 99 - QUEENS,OTHER,35000
Q099,P.S. 99 - QUEENS,PENET,3951958
Q100,P.S. 100 - QUEENS,OTHER,1157678
Q101,P.S. 101 - QUEENS,OTHER,129149
Q102,P.S. 102 - QUEENS,FLOOD,14737800
Q102,P.S. 102 - QUEENS,OTHER,507292
Q104,P.S. 104 - QUEENS,OTHER,10230599
Q107,P.S. 107 - QUEENS,OTHER,122471
Q108,P.S. 108 - QUEENS,FLOOD,28479420
Q108,P.S. 108 - QUEENS,OTHER,1195774
Q109,I.S. 109 - QUEENS,OTHER,279065
Q112,P.S. 112 - QUEENS,OTHER,2337274
Q112,P.S. 112 - QUEENS,ROOF,7180101
Q113,P.S. 113 - QUEENS,OTHER,275000
Q115,P.S. 115 - QUEENS,OTHER,7605105
Q116,P.S. 116 - QUEENS,OTHER,1374999
Q117,P.S. 117 - QUEENS,OTHER,1032615
Q118,P.S. 118 - QUEENS,OTHER,149839
Q119,I.S. 119 - QUEENS,OTHER,530934
Q119,I.S. 119 - QUEENS,ROOF,592381
Q120,P.S. 120 - QUEENS,OTHER,134735
Q121,P.S. 121 - QUEENS,OTHER,1308289
Q121,P.S. 121 - QUEENS,ROOF,18349623
Q122,P.S. 122 - QUEENS,OTHER,2063060
Q123,P.S. 123 - QUEENS,OTHER,3489275
Q124,P.S. 124 - QUEENS,OTHER,6822623
Q125,I.S. 125 - QUEENS,OTHER,175000
Q127,P.S. 127 - QUEENS,OTHER,467329
Q129,P.S. 129 - QUEENS,OTHER,55597652
Q130,P.S. 130 - QUEENS,OTHER,262036
Q131,P.S. 131 - QUEENS,OTHER,57192930
Q131,P.S. 131 - QUEENS,ROOF,6866576
Q132,P.S. 132 - QUEENS,FLOOD,5841533
Q132,P.S. 132 - QUEENS,OTHER,2008846
Q133,P.S. 133 - QUEENS,OTHER,3129308
Q134,P.S. 134 - QUEENS,OTHER,169464
Q135,P.S. 135 - QUEENS,OTHER,170454
Q136,P.S. 136 - QUEENS,OTHER,392776
Q137,M.S. 137 - QUEENS,OTHER,916036
Q138,P.S. 138 - QUEENS,OTHER,718780
Q139,P.S. 139 - QUEENS,OTHER,1067427
Q139,P.S. 139 - QUEENS,ROOF,2286161
Q140,P.S. 140 - QUEENS,OTHER,266558
Q141,I.S. 141 - QUEENS,OTHER,1829393
Q142,J.H.S. 142,OTHER,69603
Q142,Q752 SPED - QUEENS,OTHER,140000
Q143,P.S. 143 - QUEENS,OTHER,105225650
Q144,P.S. 144 - QUEENS,OTHER,65527561
Q145,I.S. 145 - QUEENS,OTHER,9458577
Q147,P.S. 147 - QUEENS,OTHER,1102016
Q148,P.S. 148 - QUEENS,FLOOD,5514300
Q148,P.S. 148 - QUEENS,OTHER,1406427
Q149,P.S. 149 - QUEENS,OTHER,1234862
Q150,P.S. 150 - QUEENS,OTHER,1159499
Q151,P.S. 151 - QUEENS,OTHER,5935029
Q152,P.S. 152 - QUEENS,OTHER,204722
Q153,P.S. 153 - QUEENS,OTHER,214135
Q153,P.S. 153 - QUEENS,ROOF,4339932
Q154,P.S. 154 - QUEENS,OTHER,446566
Q155,P.S. 155 - QUEENS,FLOOD,15138550
Q155,P.S. 155 - QUEENS,OTHER,2158392
Q156,P.S. 156 - QUEENS,OTHER,4582604
Q156,QUEENS UNITED MIDDLE SCHOOL,OTHER,198498
Q157,J.H.S. 157 - QUEENS,OTHER,1009781
Q158,J.H.S. 158 - QUEENS,OTHER,1978645
Q158,Q224 SPED - QUEENS,OTHER,34738
Q159,P.S. 159 - QUEENS,FLOOD,1520615
Q159,P.S. 159 - QUEENS,OTHER,1220499
Q160,P.S. 160 - QUEENS,FLOOD,11337830
Q160,P.S. 160 - QUEENS,OTHER,319333
Q161,P.S. 161 - QUEENS,OTHER,175340
Q161,Q004 SPED - QUEENS,OTHER,75000
Q162,P.S. 162 - QUEENS,OTHER,7487998
Q163,P.S. 163 - QUEENS,OTHER,701705
Q164,P.S. 164 - QUEENS,OTHER,379875
Q165,P.S. 165 - QUEENS,OTHER,369350
Q166,P.S. 166 - QUEENS,OTHER,191260
Q168,I.S. 250 - QUEENS,OTHER,34509
Q168,Q255 SPED - QUEENS,OTHER,523463
Q168,THE QUEENS SCHOOL OF INQUIRY-Q,OTHER,116064
Q168,THE QUEENS SCHOOL OF INQUIRY-Q,ROOF,683942
Q169,I.S. 294 - QUEENS,OTHER,100000
Q169,P.S. 169 - QUEENS,OTHER,83388346
Q172,J.H.S. 172 - QUEENS,OTHER,276678
Q173,P.S. 173 - QUEENS,OTHER,653822
Q174,P.S. 174 - QUEENS,OTHER,1439139
Q175,P.S. 175 - QUEENS,OTHER,3014146
Q176,P.S. 176 - QUEENS,OTHER,7148994
Q177,Q177 SPED - QUEENS,FLOOD,6529954
Q177,Q177 SPED - QUEENS,OTHER,11118711
Q178,P.S. 178 - QUEENS,OTHER,240000
Q179,Q004 SPED - QUEENS,OTHER,737307
Q181,P.S. 181 - QUEENS,OTHER,429532
Q184,P.S. 184 - QUEENS,OTHER,474572
Q185,J.H.S. 185 - QUEENS,OTHER,864241
Q186,P.S. 186 - QUEENS,OTHER,34735
Q186,Q224 SPED - QUEENS,OTHER,300869
Q188,P.S. 188 - QUEENS,OTHER,1359999
Q189,J.H.S. 189 - QUEENS,OTHER,100000
Q189,THE FLUSHING INTERNATIONAL HS,OTHER,191177
Q189,THE FLUSHING INTERNATIONAL HS,ROOF,180036
Q190,J.H.S. 190 - QUEENS,OTHER,456075
Q190,J.H.S. 190 - QUEENS,ROOF,2866177
Q191,P.S. 191 - QUEENS,FLOOD,8451819
Q191,P.S. 191 - QUEENS,OTHER,1112582
Q191,Q993 SPED - QUEENS,OTHER,155000
Q192,I.S. 192 - QUEENS,OTHER,75000
Q192,PATHWAYS COLL. PREP SCHOOL - Q,OTHER,220000
Q193,P.S. 193 - QUEENS,OTHER,12581346
Q194,J.H.S. 194 - QUEENS,OTHER,9388809
Q196,P.S. 196 - QUEENS,OTHER,43744573
Q199,P.S. 199 - QUEENS,OTHER,10921097
Q200,P.S. 200 - QUEENS,OTHER,690938
Q201,P.S. 201 - QUEENS,OTHER,8076002
Q202,HS OF COMMN. ARTS & TECH - QUE,OTHER,14386
Q202,I.S. 202 - QUEENS,OTHER,166057
Q203,P.S. 203 - QUEENS,OTHER,4447791
Q204,ENERGY TECH HIGH SCHOOL,OTHER,105000
Q204,I.S. 204 - QUEENS,OTHER,921418
Q205,P.S. 205 - QUEENS,FLOOD,18089001
Q205,P.S. 205 - QUEENS,OTHER,358204
Q206,P.S. 206 - QUEENS,OTHER,67411278
Q208,P.S./I.S. 208 - QUEENS,OTHER,266227
Q209,P.S. 209 - QUEENS,OTHER,441777
Q209,Q009 SPED - QUEENS,OTHER,85000
Q210,I.S. 210 - QUEENS,OTHER,722002
Q212,P.S. 212 - QUEENS,OTHER,215000
Q213,P.S. 213 - QUEENS,OTHER,2428635
Q214,P.S. 214 - QUEENS,OTHER,480845
Q215,P.S. 362 - QUEENS,OTHER,300000
Q216,J.H.S. 216 - QUEENS,OTHER,10952178
Q216,J.H.S. 216 - QUEENS,ROOF,15050073
Q217,I.S. 217 - QUEENS,OTHER,8247397
Q219,P.S. 219 - QUEENS,OTHER,865151
Q219,P.S. 219 - QUEENS,ROOF,5326495
Q220,P.S. 220 - QUEENS,OTHER,449629
Q221,P.S. 221 - QUEENS,OTHER,650000
Q222,P.S. 222 - QUEENS,OTHER,999999
Q223,P.S. 223,OTHER,6980117
Q223,P.S. 223 - QUEENS,OTHER,907892
Q226,EPIC HIGH SCHOOL - SOUTH,OTHER,105000
Q226,HAWTREE CREEK MIDDLE SCHOOL -,OTHER,76000
Q226,I.S. 226 - QUEENS,FLOOD,7336664
Q226,I.S. 226 - QUEENS,OTHER,549771
Q227,I.S. 227 - QUEENS,OTHER,1249260
Q228,P.S. 228 - QUEENS,OTHER,71000
Q229,P.S. 229 - QUEENS,OTHER,12632611
Q230,I.S. 230 - QUEENS,OTHER,84735
Q231,COLLABORATIVE ARTS MIDDLE SCHO,OTHER,250000
Q231,COMMUNITY VOICES MIDDLE SCHOOL,OTHER,2226135
Q231,I.S. 231 - QUEENS,OTHER,955601
Q234,I.S. 235 - QUEENS,OTHER,50000
Q234,P.S. 234 - QUEENS,OTHER,646500
Q237,EAST-WEST SCHOOL OF INTL STUDI,OTHER,304242
Q237,J.H.S. 237 - QUEENS,OTHER,8488875
Q238,I.S. 238 - QUEENS,OTHER,1627237
Q238,I.S. 238 - QUEENS,ROOF,10014141
Q239,P.S. 239 - QUEENS,OTHER,326712
Q244,P.S. 244 - QUEENS,OTHER,134733
Q247,P.S. 128 - QUEENS,OTHER,39484875
Q251,P.S. 251 - QUEENS,OTHER,134247
Q254,P.S. 254 - QUEENS,OTHER,125000
Q254,P.S. 254 - QUEENS,ROOF,8399038
Q260,P.S. 307 - QUEENS,OTHER,684598
Q263,P.S. /I.S 295 - QUEENS,OTHER,833669
Q266,P.S./I.S. 266 - QUEENS,OTHER,389435
Q268,P.S. 268 - QUEENS,OTHER,859468
Q268,Q009 SPED - QUEENS,OTHER,150000
Q270,P.S. / I.S. 270 - QUEENS,OTHER,208047
Q276,P.S. 48 - QUEENS,OTHER,257845
Q276,Q075 SPED - QUEENS,OTHER,127040
Q277,P.S. 182 - QUEENS,OTHER,35000
Q277,Q009 SPED - QUEENS,OTHER,150000
Q280,P.S. 280 - QUEENS,OTHER,933378
Q287,P.S. 330 - QUEENS,OTHER,105050
Q290,P.S. 290 - QUEENS,OTHER,154096
Q290,THE RIVERVIEW SCHOOL - QUEENS,OTHER,100000
Q292,P.S. 92 - QUEENS,OTHER,183736
Q298,ELM TREE ELEMENTARY SCHOOL,OTHER,43000
Q311,CORONA ARTS AND SCIENCES ACADE,OTHER,102000
Q312,P.S. 78 - QUEENS,OTHER,258605
Q313,THE CHILDREN'S LAB SCHOOL,OTHER,35000
Q314,M.S. 358 - QUEENS,OTHER,109736
Q314,QUEENS SCHOOL FOR LEADERSHIP,OTHER,68000
Q315,P.S. 110 - QUEENS,OTHER,35000
Q322,P.S. 14 - QUEENS,OTHER,327162
Q329,EAST ELMHURST COMMUNITY SCHOOL,OTHER,158021
Q332,P.S. 376 - QUEENS,OTHER,50000
Q336,COLLEGE POINT COLLABORATIVE,OTHER,22990
Q340,P.S. @ 69-02 QUEENS BOULEVARD,NEW SCHOOL,42463409
Q341,P.S. @ PARCEL C - QUEENS,NEW SCHOOL,102016356
Q342,P.S. 81 - QUEENS,OTHER,7831920
Q357,P.S. 36 - QUEENS,OTHER,8099230
Q361,P.S. @ 56-10 214 STREET - Q,OTHER,25842270
Q375,P.S. @ PARCEL F - QUEENS,NEW SCHOOL,79266939
Q397,DISTRICT 30 PRE-K CENTER,OTHER,449274
Q398,P.S. 398 - QUEENS,NEW SCHOOL,73697012
Q400,AUGUST MARTIN HS - QUEENS,OTHER,12501164
Q405,BAYSIDE HIGH SCHOOL - QUEENS,OTHER,4203551
Q415,BENJAMIN N. CARDOZO HS - Q,OTHER,1557351
Q415,BENJAMIN N. CARDOZO HS - QUEEN,OTHER,464569
Q419,I.S. 419 - QUEENS,NEW SCHOOL,76466774
Q420,EXCELSIOR PREP HIGH SCHOOL - Q,OTHER,335839
Q420,G. WASHINGTON CARVER HS FOR SC,OTHER,104210
Q420,G. WASHINGTON CRVR HS FOR SCI,OTHER,807715
Q420,PREPARATORY ACADEMY FOR WRITER,OTHER,105000
Q420,QUEENS PREPARATORY ACADEMY - Q,OTHER,105000
Q425,JOHN BOWNE HS - QUEENS,OTHER,861381
Q425,JOHN BOWNE HS - QUEENS,ROOF,7468310
Q429,I.S. @ 38-04 48TH STREET - Q,NEW SCHOOL,95879369
Q429,I.S. @ 38-04 48TH STREET - Q,OTHER,10343083
Q430,FRANCIS LEWIS H.S.,OTHER,100000
Q430,FRANCIS LEWIS HS - QUEENS,OTHER,2310598
Q430,FRANCIS LEWIS HS - QUEENS,PENET,2019364
Q434,FRANCIS LEWIS HS ANNEX - Q,NEW SCHOOL,52376721
Q434,FRANCIS LEWIS HS ANNEX - Q,OTHER,3014655
Q435,BUSINESS TECHNOLOGY EARLY COLL,OTHER,296124
Q435,MARTIN VAN BUREN HS - QUEENS,OTHER,5685043
Q435,MARTIN VAN BUREN HS - QUEENS,PENET,11306
Q437,PRE-K CENTER @ 98-22 55 AVENUE,OTHER,662334
Q439,3K CENTER @ 101-49 WOODHAVEN,OTHER,16404981
Q440,FOREST HILLS HS,OTHER,180463
Q440,FOREST HILLS HS - QUEENS,OTHER,15317545
Q445,WILLIAM C. BRYANT HS - QUEENS,OTHER,1915142
Q450,ACADEMY OF AMERICAN STUDIES -,OTHER,35000
Q450,NEWCOMERS HIGH SCHOOL - Q,OTHER,742969
Q451,ACADEMY OF AMERICAN STUDIES -,OTHER,97700
Q455,INTERNATIONAL HIGH SCHOOL FOR,OTHER,105000
Q455,NEWTOWN HS - QUEENS,OTHER,4088363
Q456,HS FOR ARTS AND BUSINESS - QUE,OTHER,140000
Q460,FLUSHING HS - QUEENS,OTHER,1956757
Q460,FLUSHING HS - QUEENS,ROOF,9945841
Q460,QUEENS HIGH SCHOOL FOR LANGUAG,OTHER,205000
Q460,VERITAS ACADEMY,OTHER,542875
Q468,3K CENTER@100-02 ROCKAWAY BLVD,OTHER,18671220
Q469,CARDOZO HIGH SCHOOL ANNEX - Q,OTHER,73065000
Q470,HILLSIDE ACADEMY FOR ARTS,OTHER,1138000
Q470,JAMAICA GATEWAY TO THE SCIENCE,OTHER,240067
Q470,QUEENS COLLEGIATE SCHOOL - Q,OTHER,5481785
Q470,QUEENS COLLEGIATE SCHOOL - QUE,OTHER,443652
Q470,THE CHILD CENTER OF NEW YORK,OTHER,4500
Q472,H.S. @ 51-30 NORTHERN BLVD,NEW SCHOOL,379670640
Q474,3K CENTER @ 104-06 101 AVENUE,OTHER,6054889
Q475,RICHMOND HILL HS - QUEENS,OTHER,4354025
Q477,3K CENTER @ 87-40 88 ST - Q,OTHER,10002664
Q480,JOHN ADAMS HS - QUEENS,FLOOD,19640902
Q480,JOHN ADAMS HS - QUEENS,OTHER,4184282
Q485,GROVER CLEVELAND HS - QUEENS,OTHER,3023949
Q490,HUMANITIES & THE ARTS HS - Q,OTHER,399029
Q490,INSTITUTE FOR HEALTH PROFESSIO,OTHER,188911
Q490,INSTITUTE FOR HEALTH PROFESSNL,OTHER,493521
Q490,JACKSON HS,OTHER,346780
Q490,"MATH, SCI., RESEARCH & TECH.",OTHER,641916
Q490,"MATH, SCI., RESEARCH & TECH. H",OTHER,1341102
Q491,"MATH, SCI., RESEARCH & TECH. H",OTHER,500000
Q499,P.S./I.S. 499 - QUEENS,OTHER,200000
Q499,Q993 SPED - QUEENS,OTHER,107000
Q505,HILLCREST HS - QUEENS,OTHER,1353269
Q515,TOWNSEND HARRIS HS - Q,OTHER,1190150
Q520,INTERNATIONAL HS - QUEENS,OTHER,105000
Q520,MIDDLE COLLEGE HIGH SCHOOL - Q,OTHER,105000
Q566,"QNS HS OF TEACH., LIB. ARTS&SC",OTHER,422894
Q570,FRANK SINATRA SCL OF THE ARTS,OTHER,676933
Q575,ACADEMY OF AMERICAN STUDIES,NEW SCHOOL,95075081
Q585,MASPETH HIGH SCHOOL - QUEENS,OTHER,885176
Q585,Q721 SPED - QUEENS,OTHER,35000
Q595,PATHWAYS TO GRADUATION - Q,OTHER,479407
Q595,QUEENS SATELLITE HS FOR OPPORT,OTHER,1441432
Q595,QUEENS SATELLITE HS FOR OPPTY,OTHER,236271
Q600,QUEENS TECH HS - Q,OTHER,316287
Q600,QUEENS VOC HS - Q,OTHER,224153
Q610,AVIATION HS - QUEENS,FLOOD,21607035
Q610,AVIATION HS - QUEENS,OTHER,1080000
Q620,THOMAS A. EDISON HS - Q,OTHER,2658742
Q633,EAGLE ACADEMY III - QUEENS,OTHER,105000
Q636,EPIC HIGH SCHOOL - NORTH,OTHER,244209
Q650,"HS FOR CNST TRADES, ENG.& ARCH",OTHER,500000
Q650,"HS FOR CONST.TRADES,ENGG.,& AR",OTHER,197964
Q667,Q004 SPED - QUEENS,OTHER,562271
Q680,YOUNG WOMENS LEADERSHIP SCHL,OTHER,60000
Q680,YOUNG WOMENS' LEADERSHIP SCHOO,OTHER,254653
Q686,I.S./H.S. 167 - QUEENS,OTHER,189723
Q686,Q233 SPED - QUEENS,OTHER,104211
Q686,QUEENS METROPOLITAN HIGH SCHL,ROOF,396039
Q686,QUEENS METROPOLITAN HIGH SCHOO,OTHER,326630
Q690,HS FOR LAW ENFORCEMENT,OTHER,100000
Q690,HS FOR LAW ENFORCEMENT - Q,OTHER,750000
Q690,HS FOR LAW ENFORCEMENT - QUEEN,OTHER,127022
Q695,QUEENS GATEWAY TO HEALTH SCIEN,OTHER,105000
Q707,R. F. KENNEDY COMM. MIDDLE/HS,OTHER,200000
Q707,R. F. KENNEDY COMM. MIDDLE/HS-,OTHER,209200
Q721,P.S. 16 - QUEENS,OTHER,3189622
Q722,Q721 SPED - QUEENS,OTHER,767153
Q722,Q721 SPED - QUEENS,ROOF,4709896
Q725,HS FOR INFORMATION TECH - QUEE,OTHER,742900
Q735,ACADEMY OF FIN. AND ENTERPRISE,OTHER,105000
Q735,BARD HS EARLY COLLEGE II - Q,OTHER,1214597
Q735,BARD HS EARLY COLLEGE II - QUE,OTHER,279736
Q735,HS OF APPLIED COMMUNICATION-Q,OTHER,174735
Q739,YOUNG W LEADERSHIP SCL ASTORIA,OTHER,2043988
Q739,YOUNG W. LEADERSHIP SCL ASTORI,OTHER,393909
Q744,CIVIC LEADERSHIP ACADEMY - QUE,OTHER,105000
Q744,PAN AMERICAN INTERNATIONAL HS,OTHER,1730934
Q744,VOYAGES PREPARATORY - QUEENS,OTHER,105000
Q774,QUEENS HS FOR THE SCIENCES - Q,OTHER,527709
Q792,NORTH QUEENS COMMUNITY HS - Q,OTHER,105000
Q798,BACCALAUREATE SCL FOR GLOBAL E,OTHER,408236
Q799,CAMBRIA HEIGHTS ACADEMY - Q,OTHER,1042961
Q799,CAMBRIA HEIGHTS ACADEMY - QUEE,OTHER,50000
Q801,BUREAU OF SUPPLIES - QUEENS,OTHER,18078
Q801,BUREAU OF SUPPLIES - QUEENS,SANDY,112511890
Q801,DOE BUREAU OF SUPPLIES,OTHER,19722796
Q809,Q224 SPED - QUEENS,OTHER,85000
Q811,Q811 SPED - QUEENS,OTHER,7936939
Q814,P.S. 82 - QUEENS,OTHER,49423
Q816,P.S. 256 ANNEX - QUEENS,NEW SCHOOL,38409008
Q816,Q256 SPED - QUEENS,OTHER,7794498
Q816,Q256 SPED - QUEENS,SANDY,3507315
Q822,Q811 SPED - QUEENS,OTHER,329431
Q835,Q233 SPED - QUEENS,OTHER,35000
Q836,P.S. 36 - QUEENS,OTHER,999999
Q841,P.S. 110 - QUEENS,OTHER,207979
Q848,P.S. 81 - QUEENS,OTHER,34333
Q849,I.S. 77 - QUEENS,OTHER,249065
Q858,P.S. 188 - QUEENS,OTHER,40271
Q859,ALTRNATIVE LEARNING CENTER - Q,OTHER,291288
Q878,P.S. 128 - QUEENS,OTHER,150000
Q882,Q009 SPED - QUEENS,OTHER,135000
Q884,P.S. 65 - QUEENS,OTHER,100000
Q885,RENAISSANCE CHARTER SCHOOL,OTHER,97236
Q891,R. F. WAGNER SEC SCL ARTS & TE,OTHER,209287
Q892,P.S. 360 - QUEENS,OTHER,194623
Q908,P.S. 143 ANNEX - QUEENS,OTHER,8053281
QAFE,RIVERTON STREET CHARTER SCHOOL,OTHER,120000
QAPM,PS 23 @ HILLSIDE PSYCH - Q,OTHER,149243
QBJH,BETHEL MISSION LOVING CHILD CA,OTHER,80000
R001,P.S. 1 - STATEN ISLAND,OTHER,1337416
R001,P.S. 1 - STATEN ISLAND,ROOF,14161821
R003,P.S. 3 - STATEN ISLAND,OTHER,2210008
R004,P.S. 4 - STATEN ISLAND,OTHER,559273
R005,P.S. 5 - STATEN ISLAND,FLOOD,2866690
R005,P.S. 5 - STATEN ISLAND,OTHER,869047
R006,P.S. 6 - STATEN ISLAND,OTHER,1293919
R007,I.S. 7 - STATEN ISLAND,OTHER,5254088
R007,R025 SPED - STATEN ISLAND,OTHER,478854
R008,P.S. 8 - STATEN ISLAND,OTHER,3360904
R011,P.S. 11 - STATEN ISLAND,OTHER,2998450
R013,P.S. 13 - STATEN ISLAND,FLOOD,7913213
R013,P.S. 13 - STATEN ISLAND,OTHER,268000
R014,P.S. 078 - STATEN ISLAND,OTHER,1346034
R014,P.S. 14 - STATEN ISLAND,OTHER,85000
R016,FORT HILL COLLABORATIVE ELEMEN,OTHER,506412
R016,P.S. 16 - STATEN ISLAND,OTHER,723253
R018,P.S. 18 - STATEN ISLAND,OTHER,513351
R019,P.S. 19 - STATEN ISLAND,OTHER,1887746
R020,P.S. 20 - STATEN ISLAND,OTHER,12383
R021,P.S. 21 - STATEN ISLAND,OTHER,854209
R022,P.S. 22 - STATEN ISLAND,OTHER,927251
R023,P.S. 23 - STATEN ISLAND,OTHER,713388
R024,I.S. 24 - STATEN ISLAND,OTHER,4530014
R025,R025 SPED - STATEN ISLAND,OTHER,3817714
R026,P.S. 26 - STATEN ISLAND,OTHER,453649
R027,I.S. 27 - STATEN ISLAND,OTHER,374764
R029,P.S. 29 - STATEN ISLAND,OTHER,1253773
R030,P.S. 30 - STATEN ISLAND,OTHER,649282
R030,P.S. 30 - STATEN ISLAND,ROOF,11285969
R031,P.S. 31 - STATEN ISLAND,OTHER,592498
R032,P.S. 32 - STATEN ISLAND,OTHER,554624
R034,I.S. 34 - STATEN ISLAND,OTHER,20970851
R034,I.S. 34 - STATEN ISLAND,ROOF,13746044
R035,P.S. 35 - STATEN ISLAND,OTHER,188000
R036,P.S. 36 - STATEN ISLAND,OTHER,1398074
R039,P.S. 39 - STATEN ISLAND,OTHER,445000
R040,R373 SPED - STATEN ISLAND,OTHER,853350
R041,P.S. 41 - STATEN ISLAND,OTHER,473868
R042,P.S. 42 - STATEN ISLAND,OTHER,1951499
R043,CSI HS FOR INTERNATIONAL STUDI,OTHER,10435701
R043,G MCCOWN EXPEDITIONARY LRNG SC,OTHER,835327
R043,I.S./J.H.S. 63 - STATEN ISLAND,OTHER,709007
R044,P.S. 44 - STATEN ISLAND,FLOOD,3775024
R044,P.S. 44 - STATEN ISLAND,OTHER,1779180
R045,P.S. 45 - STATEN ISLAND,OTHER,1300655
R046,P.S. 46 - STATEN ISLAND,OTHER,1168710
R047,CSI HS INTERNATIONAL STUDIES,OTHER,34719
R048,NAPLES STREET ELEMENTARY SCHL,PENET,1453659
R048,NAPLES STREET ELEMENTARY SCHL,ROOF,4553438
R048,NAPLES STREET ELEMENTARY SCHOO,OTHER,9749310
R049,I.S. 49 - STATEN ISLAND,FLOOD,2282287
R049,I.S. 49 - STATEN ISLAND,OTHER,1295932
R049,THE EAGLE ACADEMY FOR YOUNG ME,OTHER,80000
R051,I.S. 51 - STATEN ISLAND,OTHER,2518695
R053,P.S. 53 - STATEN ISLAND,OTHER,1398727
R054,P.S. 54 - STATEN ISLAND,OTHER,1049767
R055,P.S. 55 - STATEN ISLAND,OTHER,698870
R056,P.S. 56 - STATEN ISLAND,OTHER,1170624
R057,P.S. 57 - STATEN ISLAND,OTHER,946819
R058,P.S. 58 - STATEN ISLAND,OTHER,701624
R058,P.S. 58 - STATEN ISLAND,ROOF,304519
R059,THE HARBOR VIEW SCHOOL - R,OTHER,100000
R060,P.S. 60 - STATEN ISLAND,OTHER,279428
R061,I.S. 61 - STATEN ISLAND,OTHER,575916
R061,I.S. 61 - STATEN ISLAND,ROOF,15427265
R062,THE KATHLEEN GRIMM SCHOOL FOR,OTHER,210000
R066,THE PORT RICHMOND SCHOOL FOR V,OTHER,271000
R069,P.S. 69 - STATEN ISLAND,OTHER,1084586
R070,P.S. @ 357 TARGEE STREET,OTHER,3059028
R070,P.S. @ 357 TARGEE STREET - R,NEW SCHOOL,86249347
R071,P.S. 48 - STATEN ISLAND,OTHER,301101
R072,I.S. 72 - STATEN ISLAND,OTHER,13482484
R075,I.S. 75 - STATEN ISLAND,FLOOD,8514363
R075,I.S. 75 - STATEN ISLAND,OTHER,3819460
R086,I.S./H.S. @ 715 OCEAN TERRACE,OTHER,127307824
R089,D75 REPLACEMENT @ 15 FAIRFIELD,NEW SCHOOL,44370943
R090,3K CENTER @ 1535 RICHMOND AVE,OTHER,15729718
R091,3K CENTER @ 20 EBBITTS STREET,OTHER,15166112
R093,3K CENTER @ 2530 VICTORY BLVD,OTHER,9526521
R094,3K CENTER @ 104 HOUSMAN AVENUE,OTHER,11566203
R095,3K CENTER @ 1 TELEPORT DRIVE,OTHER,4490149
R098,P.S. 20 - STATEN ISLAND,OTHER,8109122
R099,P.S. 39 - STATEN ISLAND,OTHER,8100434
R100,3K CENTER @ 2389 RICHMOND AVE,OTHER,12481064
R102,P.S. 13 ANNEX - STATEN ISLAND,OTHER,24245151
R435,NEW DORP HS - STATEN ISLAND,OTHER,4257168
R436,NEW DORP HS - STATEN ISLAND,OTHER,10255755
R440,STATEN ISLAND TECHNICAL HS - R,OTHER,726986
R440,STATEN ISLAND TECHNICAL HS - S,FLOOD,2040155
R440,STATEN ISLAND TECHNICAL HS - S,OTHER,54381
R445,PORT RICHMOND HS - R,OTHER,1099030
R445,PORT RICHMOND HS - S.I.,FLOOD,23968568
R446,PORT RICHMOND HS - S.I.,OTHER,13940149
R450,CURTIS HS - STATEN ISLAND,OTHER,407612
R455,TOTTENVILLE HS - STATEN ISLAND,OTHER,4497582
R456,TOTTENVILLE HS - STATEN ISLAND,OTHER,2168704
R460,SUSAN E. WAGNER HS - STATEN IS,OTHER,2289848
R460,SUSAN E. WAGNER HS - STATEN IS,ROOF,32878559
R470,CONCORD H.S.,OTHER,100000
R470,CONCORD HS - R,OTHER,397497
R600,RALPH MCKEE VOC HS - S. I.,OTHER,2121183
R600,RALPH R. MCKEE CAREER AND TECH,FLOOD,15770007
R600,RALPH R. MCKEE CAREER AND TECH,OTHER,1648052
R700,P.S. 74 - STATEN ISLAND,OTHER,9207891
R701,P.S. 1 - STATEN ISLAND,OTHER,7409677
R702,P.S. 54 - STATEN ISLAND,OTHER,8552180
R722,R721 SPED - STATEN ISLAND,OTHER,30216290
R802,P.S. 1 - STATEN ISLAND,OTHER,2791920
R825,R025 SPED - STATEN ISLAND,OTHER,224401
R829,P.S. 65 - STATEN ISLAND,OTHER,68000
R831,P.S. 74 - STATEN ISLAND,OTHER,1483485
R840,R000 - STATEN ISLAND,OTHER,7740000
R840,THE DAVID MARQUIS SCHOOL OF TH,OTHER,99485
R843,THE DAVID MARQUIS SCHOOL OF TH,OTHER,40000
R848,P.S. 42 - STATEN ISLAND,ROOF,2206314
R861,P.S. 861 - STATEN ISLAND,OTHER,844084
R880,P.S. 80 - STATEN ISLAND,OTHER,3251533
X002,BRONX CNTR FOR SCIENCE & MATH,OTHER,7797490
X003,P.S. 3 - BRONX,OTHER,6699418
X003,P.S. 3 - BRONX,ROOF,4163888
X004,P.S. 4 - BRONX,OTHER,72375
X006,P.S. 6 - BRONX,OTHER,334235
X007,P.S. 7 - BRONX,OTHER,656256
X008,P.S. 8 - BRONX,OTHER,40000
X009,P.S. 9 - BRONX,OTHER,32761985
X011,P.S. 11 - BRONX,OTHER,3081687
X012,X012 SPED - BRONX,OTHER,5773122
X014,P.S. 14 - BRONX,FLOOD,149446
X014,P.S. 14 - BRONX,OTHER,5581591
X015,P.S. 15 - BRONX,OTHER,327527
X015,P.S. 291 - BRONX,OTHER,224000
X015,P.S.15 - BRONX,PENET,1311248
X016,P.S. 16 - BRONX,OTHER,6101167
X018,P.S. 18 - BRONX,OTHER,1417487
X019,P.S. 19 - BRONX,OTHER,61905481
X020,P.S. 20 - BRONX,OTHER,286059
X021,P.S. 21 - BRONX,OTHER,3083996
X022,I.S. 22 - BRONX,OTHER,1505685
X023,P.S. 23 - BRONX,FLOOD,11351053
X023,P.S. 23 - BRONX,OTHER,98922
X024,P.S. 24 - BRONX,OTHER,8661392
X025,P.S. 25 - BRONX,OTHER,356480
X025,P.S. 25 - BRONX,ROOF,14325923
X026,I.S. 390 - BRONX,OTHER,739728
X026,P.S. 396 - BRONX,OTHER,100000
X027,P.S. 277 - BRONX,FLOOD,6643405
X027,P.S. 277 - BRONX,OTHER,200000
X028,P.S. 28 - BRONX,OTHER,12151784
X029,P.S. 29 - BRONX,FLOOD,8201672
X029,P.S. 29 - BRONX,OTHER,835878
X032,P.S. 32 - BRONX,OTHER,10606981
X033,P.S. 33 - BRONX,OTHER,6729216
X034,X188 SPED - BRONX,FLOOD,9014902
X034,X188 SPED - BRONX,OTHER,60000
X035,P.S. 35 - BRONX,OTHER,238903
X036,P.S. 36 - BRONX,OTHER,9905054
X039,HOLCOMBE L. RUCKER SCHOOL,OTHER,10841170
X039,LONGWOOD PREPARATORY ACADEMY,FLOOD,963125
X039,LONGWOOD PREPARATORY ACADEMY,OTHER,319521
X040,P.S. 179 - BRONX,OTHER,770710
X040,YOUNG LEADERS ELEM - BRONX,OTHER,477857
X041,P.S. 41 - BRONX,FLOOD,11022370
X041,P.S. 41 - BRONX,OTHER,223686
X042,P.S. 42 - BRONX,FLOOD,5562005
X042,P.S. 42 - BRONX,OTHER,364846
X043,P.S. 43 - BRONX,OTHER,23941588
X043,X017 SPED - BRONX,OTHER,143414
X044,P.S. 44 - BRONX,OTHER,207601
X044,P.S. 44 - BRONX,ROOF,10743929
X045,I.S. 45 - BRONX,OTHER,1042250
X046,P.S. 46 - BRONX,FLOOD,11146213
X046,P.S. 46 - BRONX,OTHER,98379009
X047,P.S. 47 - BRONX,OTHER,574614
X048,P.S. 48 - BRONX,OTHER,1014140
X049,P.S. 49 - BRONX,OTHER,90024
X050,FAIRMONT NEIGHBORHOOD SCHOOL,OTHER,69584
X050,P.S. 50 - BRONX,OTHER,235000
X050,SAMARA COMMUNITY SCHOOL,OTHER,842795
X052,GIRLS PREP CHARTER SCHOOL - X,OTHER,125000
X052,I.S. 302 - BRONX,FLOOD,3663903
X052,I.S. 302 - BRONX,OTHER,2286506
X053,P.S. 53 - BRONX,OTHER,6018708
X054,P.S. 54 - BRONX,OTHER,1266290
X055,P.S. 55 - BRONX,OTHER,1350671
X055,P.S. 55 - BRONX,ROOF,17956691
X057,I.S. 273 - BRONX,OTHER,105980
X057,P.S. 57 - BRONX,FLOOD,4371471
X057,P.S. 57 - BRONX,OTHER,546020
X058,P.S. 58 - BRONX,FLOOD,9243107
X058,P.S. 58 - BRONX,OTHER,3469534
X059,P.S. 59 - BRONX,OTHER,369175
X060,P.S. 335 - BRONX,OTHER,74433
X060,THE LONGWOOD ACADEMY,OTHER,291058
X060,THE LONGWOOD ACADEMY OF DISCOV,OTHER,314024
X061,I.S. 190 - BRONX,OTHER,173249
X061,P.S. 61 - BRONX,FLOOD,9540461
X061,P.S. 61 - BRONX,OTHER,15603
X062,P.S. 62 - BRONX,OTHER,9870068
X063,MOTT HALL CHARTER SCHOOL,OTHER,349200
X063,P.S. 63 - BRONX,OTHER,2204636
X064,THE WALTON AVENUE SCHOOL,OTHER,403138
X065,P.S. 65 - BRONX,OTHER,1079866
X065,P.S. 65 - BRONX,ROOF,10057302
X067,P.S. 67 - BRONX,FLOOD,20781411
X067,P.S. 67 - BRONX,OTHER,4146487
X068,P.S. 68 - BRONX,OTHER,4965013
X069,P.S. 69 - BRONX,OTHER,42885
X070,P.S. 70 - BRONX,OTHER,100000
X071,P.S. 71 - BRONX,OTHER,1028818
X072,P.S. 72 - BRONX,OTHER,449465
X073,P.S. 73 - BRONX,OTHER,310305
X074,I.S. 424 - BRONX,FLOOD,13954616
X074,I.S. 424 - BRONX,OTHER,381091
X075,P.S. 75 - BRONX,OTHER,730902
X076,P.S. 76 - BRONX,FLOOD,5530513
X077,P.S. 195 - BRONX,OTHER,1052667
X078,P.S. 78 - BRONX,FLOOD,11254660
X079,I.S. 447 - BRONX,OTHER,676302
X079,P.S. 382 - BRONX,ROOF,19647731
X079,SCHOOL FOR ENVIR CITIZEN - BRO,OTHER,325000
X080,P.S. 280 - BRONX,OTHER,312302
X081,P.S. 81 - BRONX,OTHER,9726668
X082,I.S. 232 - BRONX,FLOOD,11059175
X082,I.S. 232 - BRONX,OTHER,56839
X082,I.S. 232 - BRONX,ROOF,14073504
X083,P.S. 83 - BRONX,OTHER,846333
X084,X811 SPED - BRONX,OTHER,1878644
X084,X811 SPED - BRONX,ROOF,7829115
X085,P.S. 85 - BRONX,FLOOD,12817851
X085,P.S. 85 - BRONX,OTHER,1002923
X086,P.S. 86 - BRONX,OTHER,628787
X087,P.S. 87 - BRONX,FLOOD,3532907
X087,P.S. 87 - BRONX,OTHER,912139
X088,P.S. 88 - BRONX,OTHER,94399
X089,P.S. 89 - BRONX,FLOOD,1005831
X089,P.S. 89 - BRONX,OTHER,192415
X090,SHERIDAN ACADEMY FOR YOUNG LEA,OTHER,8221
X090,THE FAMILY SCHOOL - BRONX,OTHER,99383
X091,P.S. 91 - BRONX,OTHER,1475926
X092,P.S. 92 - BRONX,OTHER,366931
X093,METROPOLITAN LIGHTHOUSE CHARTE,OTHER,40000
X093,P.S. 93 - BRONX,OTHER,419593
X093,P.S. 93 - BRONX,ROOF,3105114
X094,P.S. 94 - BRONX,OTHER,326807
X095,P.S. 344 - BRONX,OTHER,604880
X095,P.S. 95 - BRONX,OTHER,8650041
X096,P.S. 96 - BRONX,OTHER,104527
X097,P.S. 97 - BRONX,OTHER,68919115
X098,BRONX ENVISION ACADEMY - BRONX,OTHER,7926
X098,BX HS OF PERFORMANCE & STAGE -,OTHER,7926
X098,I.S. 98 - BRONX,OTHER,3035699
X099,METROPOLITAN HS - BRONX,OTHER,381735
X100,P.S. 100 - BRONX,OTHER,74750
X101,I.S. 101 - BRONX,OTHER,299756
X101,I.S. 101 - BRONX,ROOF,7456600
X101,P.S. 304 - BRONX,OTHER,7615893
X101,X010 SPED - BRONX,OTHER,100000
X102,P.S. 102 - BRONX,FLOOD,4763524
X102,P.S. 536 - BRONX,OTHER,112000
X103,P.S. 103 - BRONX,FLOOD,6915808
X104,P.S. 199 - BRONX,FLOOD,818979
X104,P.S. 199 - BRONX,OTHER,2826540
X105,P.S. 105 - BRONX,OTHER,8227366
X106,P.S. 106 - BRONX,OTHER,348121
X107,P.S. 107 - BRONX,OTHER,99402
X109,P.S. 109 - BRONX,OTHER,725095
X109,P.S. 109 - BRONX,ROOF,5206869
X110,M.S. 128 - BRONX,OTHER,239249
X110,P.S. 110 - BRONX,OTHER,110621
X111,P.S. 111 - BRONX,OTHER,952179
X112,P.S. 112 - BRONX,OTHER,7929545
X113,NORTH BRNX SCHL OF EMPOWERMENT,OTHER,2801485
X113,NORTH BRONX SCHOOL OF EMPOWERM,OTHER,278418
X113,SCHOOL OF DIPLOMACY,OTHER,2252206
X113,THE YOUNG SCHOLARS ACADEMY - B,OTHER,35000
X114,P.S. 114 - BRONX,OTHER,9719447
X115,I.S. 447 - BRONX,OTHER,327217
X115,I.S. 459 - BRONX,OTHER,674582
X115,I.S. 459 - BRONX,ROOF,2518072
X115,M.S. 363 - BRONX,OTHER,505404
X116,I.S. 217 - BRONX,OTHER,948000
X117,I.S. 117 - BRONX,OTHER,619674
X117,YOUNG WOMENS LEADERSHIP SCHL,OTHER,2891234
X118,I.S. 118 - BRONX,FLOOD,22160262
X118,I.S. 118 - BRONX,OTHER,1968000
X119,P.S. 119 - BRONX,FLOOD,698606
X119,P.S. 119 - BRONX,OTHER,10209548
X120,I.S. 301 - BRONX,OTHER,50962
X120,X188 SPED - BRONX,OTHER,88000
X120,X188 SPED - BRONX,ROOF,13443868
X121,P.S. 121 - BRONX,FLOOD,7254226
X121,P.S. 121 - BRONX,OTHER,293865
X122,P.S. 310 - BRONX,OTHER,225030
X123,I.S. 123 - BRONX,OTHER,542391
X125,I.S. 125 - BRONX,OTHER,2743550
X125,I.S. 562 - BRONX,OTHER,13855420
X125,P.S. 119 - BRONX,OTHER,204431
X125,UFT  - BRONX,OTHER,500
X126,P.S. 126 - BRONX,OTHER,454397
X127,I.S. 127 - BRONX,OTHER,1044068
X127,I.S. 127 - BRONX,ROOF,12476512
X129,I.S. 191,OTHER,8418
X129,I.S. 316 - BRONX,OTHER,440664
X130,P.S. 130 - BRONX,OTHER,220091
X131,I.S. 131 - BRONX,OTHER,1242057
X131,SOUNDVIEW ACADEMY FOR CULTURE,OTHER,230852
X132,P.S. 132 - BRONX,OTHER,459474
X134,P.S. 134 - BRONX,OTHER,2931961
X135,I.S. 326 - BRONX,OTHER,32000
X135,I.S. 556 - BRONX,OTHER,232350
X136,X186 SPED - BRONX,FLOOD,9302463
X136,X186 SPED - BRONX,OTHER,1509691
X137,I.S. 391 - BRONX,OTHER,644580
X137,M.S./H.S. 225 - BRONX,OTHER,259632
X137,M.S./H.S. 225 - BRONX,ROOF,2685793
X138,P.S. 138 - BRONX,OTHER,2089041
X139,I.S. 224 - BRONX,FLOOD,2831350
X139,I.S. 224 - BRONX,OTHER,999572
X139,I.S. 343 - BRONX,OTHER,991075
X139,INTERNATIONAL COMMUNITY HS - B,OTHER,186587
X140,P.S. 140 - BRONX,OTHER,104397
X141,M.S./H.S. 141 - BRONX,OTHER,652622
X141,M.S./H.S. 141 - BRONX,ROOF,10812264
X142,I.S. 529 - BRONX,OTHER,1571523
X143,I.S. 244 - BRONX,OTHER,8436873
X143,MARIE CURIE HS FOR NURSING - B,OTHER,183182
X144,I.S. 144 - BRONX,OTHER,100000
X145,I.S. 325 - BRONX,OTHER,229759
X145,I.S. 328 - BRONX,OTHER,666004
X145,SCHOOL BASED HEALTH CENTER - X,OTHER,14793
X146,P.S. 146 - BRONX,FLOOD,9508369
X147,I.S. 339 - BRONX,OTHER,1954176
X148,FREDERICK DOUGLASS ACADEMY III,OTHER,664010
X148,I.S. 215 - BRONX,OTHER,369000
X148,I.S. 219 - BRONX,OTHER,69292
X149,I.S. 221 - BRONX,OTHER,1401879
X149,I.S. 221 - BRONX,ROOF,3630772
X149,THE LABORATORY SCHL OF FINANCE,OTHER,840640
X150,P.S. 150 - BRONX,OTHER,565002
X151,I.S. 151 - BRONX,OTHER,3046734
X152,P.S. 152 - BRONX,OTHER,5297385
X153,P.S. 153 - BRONX,OTHER,2887678
X154,P.S. 154 - BRONX,OTHER,31810
X155,X754 SPED,OTHER,47000
X156,CONCOURSE VILLAGE ELEMEN SCHL,ROOF,12391611
X157,P.S. 157 - BRONX,OTHER,286995
X157,P.S. 157- BRONX,OTHER,487809
X157,P.S. 157- BRONX,ROOF,5293197
X158,I.S. 267 - BRONX,OTHER,299287
X158,M.S./H.S. 245 - BRONX,OTHER,8189
X160,P.S. 160 - BRONX,OTHER,2625978
X161,P.S. 161 - BRONX,OTHER,14274612
X162,I.S. 162 - BRONX,OTHER,136414
X166,BRONX EARLY COLLEGE ACADEMY,OTHER,8275
X166,GRANT AVENUE ELEMENTARY SCHOOL,OTHER,2039843
X167,P.S. 214 - BRONX,OTHER,2900646
X169,P.S. 169 - BRONX,OTHER,16518
X170,P.S. 170 - BRONX,OTHER,897117
X170,P.S. 170 - BRONX,ROOF,3625027
X177,P469 - THE BRONX SCHOOL FOR CO,OTHER,272936
X178,P.S. 178 - BRONX,OTHER,3676847
X178,X176 SPED - BRONX,OTHER,49623
X180,I.S. 180 - BRONX,OTHER,533465
X181,I.S. 181 - BRONX,OTHER,926471
X182,P.S. 182 - BRONX,FLOOD,17439
X182,P.S. 182 - BRONX,OTHER,19256895
X182,P.S. 182 - BRONX,ROOF,4107792
X184,I.S. 296 - BRONX,OTHER,284704
X184,I.S. 298 - BRONX,OTHER,100000
X184,JILL CHAIFETZ TRANSFER HS,OTHER,7617
X184,X017 SPED - BRONX,OTHER,107193
X189,P.S./I.S. 189 (@STEENWICK AVE),OTHER,284827
X192,BRONX DELTA SCHOOL,OTHER,49622
X192,I.S. 371 - BRONX,OTHER,2925897
X192,MOTT HALL COMMUNITY SCHOOL - B,OTHER,150000
X192,MOTT HALL COMMUNITY SCHOOL - X,OTHER,66536
X193,P.S. 211 - BRONX,OTHER,27700
X198,P.S. 212 - BRONX,OTHER,500000
X205,P.S. 205 - BRONX,OTHER,95694
X206,I.S. 206B - BRONX,OTHER,291000
X209,P.S. 209 - BRONX,FLOOD,2239572
X211,P.U.L.S.E. HS - BRONX,OTHER,67682
X234,P.S. 300 - BRONX,OTHER,29437
X235,P.S./I.S. 218 - BRONX,OTHER,734242
X240,P.S. 555 - BRONX,OTHER,109456
X254,I.S. 254 - BRONX,OTHER,503227
X279,P.S. 279 - BRONX,OTHER,486483
X279,P.S. 279 - BRONX,ROOF,2518700
X283,JONAS BRONCK ACADEMY - BRONX,OTHER,21706198
X292,YOUNG VOICES ACADEMY OF THE BR,OTHER,50000
X306,I.S. 331 - BRONX,OTHER,502708
X306,P.S. 306 - BRONX,FLOOD,13138513
X306,P.S. 306 - BRONX,OTHER,1118185
X311,THE STEAM BRIDGE SCHOOL - BRON,OTHER,100000
X320,P.S. @ 1570 BOONE AVENUE - X,NEW SCHOOL,74639897
X338,P.S. 204 - BRONX,OTHER,128436
X340,P.S. 340 - BRONX,OTHER,40000
X347,P.S. 33 ANNEX - BRONX,NEW SCHOOL,50140420
X356,LEARNING THROUGH PLAY PRE-K,OTHER,97000
X358,CROTONA ACADEMY HIGH SCHOOL,OTHER,95000
X360,P.S. 360 - BRONX,OTHER,100000
X362,ACADEMY FOR SCHOLARSHIP AND EN,OTHER,200000
X362,SPORTS PROFESSIONS HS - BRONX,OTHER,98999
X392,M.S./H.S. 269 - BRONX,OTHER,140000
X400,BRONX INTERNATIONAL - BRONX,FLOOD,40293621
X400,BRONX INTERNATIONAL - BRONX,OTHER,1005096
X400,MORRIS COLLAB HS TECH & HUMAN,OTHER,1477720
X401,ARTURO A. SCHOMBERG SATELLITE,OTHER,12284
X401,PATHWAYS TO GRADUATION - CITYW,OTHER,40000
X410,BRONX EXPEDITIONARY LEARNG HS,OTHER,1162702
X410,DREAMYARD PREPARATORY SCHOOL,OTHER,100000
X410,HS OF BUSINESS - BRONX,OTHER,2628086
X410,HS OF BUSINESS - BRONX,ROOF,35967263
X410,NEW DIRECTIONS SECONDARY SCHOO,OTHER,49571
X411,HS OF BUSINESS - BRONX,OTHER,5052431
X415,ASTOR COLLEGIATE HS - BRONX,OTHER,100000
X415,BRONXDALE HIGH SCHOOL - BRONX,OTHER,104309
X415,COLLEGIATE INST FOR MATH & SCI,OTHER,2712457
X415,PELHAM HIGH SCHOOL FOR LANGUAG,OTHER,104309
X415,PELHAM PREP HS - BRONX,OTHER,100000
X420,MONROE ACAD FOR VISUAL ARTS,FLOOD,17112791
X420,MONROE ACAD FOR VISUAL ARTS,OTHER,11277032
X420,MONROE ACAD FOR VISUAL ARTS -,OTHER,490662
X420,THE METROPOLITAN SOUNDVIEW HIG,OTHER,5372
X420,THE URBAN ASSEMBLY CHARTER SCH,OTHER,75000
X420,WORLD CULTURES HS - X,OTHER,919856
X423,I.S. 242 - BRONX,OTHER,183367
X423,THE CINEMA SCHOOL - BRONX,OTHER,41789
X425,BRONX AEROSPACE HS - BRONX,OTHER,99670
X425,BRONX LAB SCHOOL - BRONX,OTHER,58556
X425,HS FOR CONTEMPORARY ARTS - X,OTHER,138268
X425,HS FOR WRITING & COMM ARTS - X,OTHER,940220
X425,HS OF COMPUTERS & TECHNOLOGY,OTHER,5534918
X426,HS OF COMPUTERS & TECHNOLOGY,OTHER,6986422
X430,CELIA CRUZ HS OF MUSIC - BRONX,OTHER,614438
X430,DISCOVERY HS - BRONX,OTHER,69297
X430,HS OF TEACHING & PROFESSIONS -,OTHER,90000
X430,M.S./H.S. 342 - BRONX,OTHER,4515506
X435,FORDHAM HS FOR THE ARTS - BRON,OTHER,148334
X435,FORDHAM HS FOR THE ARTS - X,OTHER,2609325
X435,I.S. 243 - BRONX,OTHER,66000
X435,KAPPA - BRONX,OTHER,20019
X440,DEWITT CLINTON HS - X,FLOOD,32224054
X440,DEWITT CLINTON HS - X,OTHER,10456495
X445,BRONX HS OF SCIENCE - X,OTHER,2972646
X448,P.S. 340 ANNEX - BRONX,NEW SCHOOL,51920140
X448,P.S. 340 ANNEX - BRONX,OTHER,2132164
X449,P.S. 6 - BRONX,OTHER,9564503
X450,ANTONIA PANTOJA PREP ACADEMY -,OTHER,74434
X450,BRONX COMMUNITY HIGH SCHOOL,OTHER,744774
X450,BRONX COMPASS HIGH SCHOOL - BR,OTHER,3308
X450,GATEWAY SCH FOR RES & TECH - X,OTHER,158606
X450,GOTHAM COLLABORATIVE HIGH SCHO,OTHER,110000
X450,MILLENIUM ART ACADEMY - BRONX,OTHER,5150066
X451,X000 - BRONX,OTHER,66578
X455,HARRY S. TRUMAN HS - X,OTHER,1053994
X456,HARRY S. TRUMAN HS - X,OTHER,9267647
X460,"BRONX SCHOOL FOR LAW, GOVERNME",OTHER,39676
X465,EAGLE ACADEMY FOR YOUNG MEN -,OTHER,200000
X469,X000 - BRONX,ROOF,960000
X470,UNIVERSITY HEIGHTS HS - BRONX,OTHER,4241668
X471,UNIVERSITY HEIGHTS HS - BRONX,OTHER,9888882
X472,P.S. 246 - BRONX,OTHER,9231215
X478,P.S. 65 - BRONX,OTHER,10628915
X481,P.S. 205 - BRONX,OTHER,8099394
X482,BRONX HS FOR THE VISUAL ARTS,OTHER,24130000
X484,3K CENTER @ WEST FARMS ROAD,OTHER,11377801
X498,P.S. / I.S. 498 - BRONX,OTHER,65237
X498,P.S. / I.S. 498 - BRONX,ROOF,26902
X600,ALFRED E. SMITH HS - X,OTHER,12242527
X650,JANE ADDAMS VOC HS - X,OTHER,50000
X650,SCHL FOR TOURISM AND HOSPITALY,OTHER,4342438
X650,SCHOOL FOR TOURISM AND HOSPITA,OTHER,24249
X655,HERO HIGH HS,OTHER,2288441
X655,MOTT HAVEN COMMUNITY HIGH SCHO,OTHER,70000
X655,SAMUEL GOMPERS VOC HS - X,FLOOD,4415767
X660,CROTONA INTERNATIONAL HIGH SCH,OTHER,62000
X660,HIGH SCHOOL FOR ENERGY AND TEC,OTHER,110040
X660,HS FOR ENERGY AND TECH - X,OTHER,445031
X701,X723 SPED - BRONX,OTHER,425000
X730,BX CHARTER SCH FOR THE ARTS -,OTHER,205000
X778,BRONX HS FOR THE VISUAL ARTS -,OTHER,100000
X790,BRONX LEADERSHIP ACADEMY II HS,OTHER,153871
X790,NEW EXPLORERS HIGH SCHOOL - BR,OTHER,124058
X807,DOE ADMINISTRATIVE OFFICE - X,OTHER,2281085
X817,X010 SPED - BRONX,OTHER,61524
X819,P.S. 207 - BRONX,OTHER,827346
X826,P.S. 226 - BRONX,OTHER,145382
X834,X352 SPED - BRONX,OTHER,1389172
X842,P.S. 344 - BRONX,OTHER,731611
X843,P.S. 246 - BRONX,FLOOD,16149825
X843,P.S. 246 - BRONX,OTHER,794858
X859,P.S. 315 - BRONX,OTHER,30175
X862,MOTT HALL CHARTER SCHOOL,OTHER,145875
X884,COMM HS FOR SOCIAL JUSTICE - X,OTHER,74429
X884,HEALTH OPPORTUNITIES (HS LVL),OTHER,250000
X886,P.S. 307 - BRONX,OTHER,159000
X953,CONTINUING EDUCATION PROGRAM,OTHER,40000
X953,CONTINUING EDUCATION PROGRAM -,OTHER,185000
X970,MOTT HALL BRONX HS - BRONX,OTHER,17625
X970,VALIDUS PREPRATORY ACADEMY -X,OTHER,149500
X973,E BRONX ACADMY FOR THE FUTURE,OTHER,248354
XA21,X000 - BRONX,OTHER,70000
XABC,FAMILY LIFE ACADEMY CHARTER SC,OTHER,50000
XAEE,X000 - BRONX,OTHER,35000
XATI,LEGACY COLLEGE PREPARATORY - B,OTHER,50000